[0.008s] Invoking command in '/home/hong/Movement_Control/Go2Robot/build/go2_robot': CMAKE_PREFIX_PATH=${CMAKE_PREFIX_PATH}:/opt/ros/humble /usr/bin/cmake --build /home/hong/Movement_Control/Go2Robot/build/go2_robot -- -j24 -l24
[0.051s] [  6%] Built target go2_robot__rosidl_generator_c
[0.053s] [ 10%] Built target go2_robot__rs
[0.053s] [ 10%] Built target go2_robot__cpp
[0.056s] [ 20%] Built target OsqpEigen
[0.056s] [ 20%] Built target ament_cmake_python_copy_go2_robot
[0.066s] [ 26%] Built target go2_robot__rosidl_typesupport_fastrtps_c
[0.068s] [ 34%] Built target go2_robot__rosidl_typesupport_introspection_c
[0.068s] [ 38%] Built target go2_robot__rosidl_typesupport_cpp
[0.068s] [ 44%] Built target go2_robot__rosidl_typesupport_introspection_cpp
[0.069s] [ 51%] Built target go2_robot__rosidl_typesupport_c
[0.070s] [ 57%] Built target go2_robot__rosidl_typesupport_fastrtps_cpp
[0.078s] [35m[1mConsolidate compiler generated dependencies of target go2_core[0m
[0.088s] [ 57%] Built target go2_robot
[0.105s] [ 59%] Built target go2_robot__py
[0.123s] [ 63%] Built target go2_robot__rosidl_generator_py
[0.126s] [ 65%] [32mBuilding CXX object CMakeFiles/go2_core.dir/src/WBC/WBC.cpp.o[0m
[0.141s] [ 69%] Built target go2_robot__rosidl_typesupport_fastrtps_c__pyext
[0.141s] [ 73%] Built target go2_robot__rosidl_typesupport_c__pyext
[0.143s] [ 77%] Built target go2_robot__rosidl_typesupport_introspection_c__pyext
[0.197s] running egg_info
[0.197s] writing go2_robot.egg-info/PKG-INFO
[0.198s] writing dependency_links to go2_robot.egg-info/dependency_links.txt
[0.198s] writing top-level names to go2_robot.egg-info/top_level.txt
[0.199s] reading manifest file 'go2_robot.egg-info/SOURCES.txt'
[0.199s] writing manifest file 'go2_robot.egg-info/SOURCES.txt'
[0.216s] [ 77%] Built target ament_cmake_python_build_go2_robot_egg
[3.894s] [01m[K/home/hong/Movement_Control/Go2Robot/src/WBC/WBC.cpp:[m[K In member function ‘[01m[Kvoid WBC::WBC::compuseHg()[m[K’:
[3.894s] [01m[K/home/hong/Movement_Control/Go2Robot/src/WBC/WBC.cpp:190:48:[m[K [01;31m[Kerror: [m[K‘[01m[Krow[m[K’ was not declared in this scope; did you mean ‘[01m[Kpow[m[K’?
[3.894s]   190 |             auto A_valid = config->A_a.topRows([01;31m[Krow[m[K * 3); // 比如只有 2 条腿摆动，只取前 6 行
[3.894s]       |                                                [01;31m[K^~~[m[K
[3.894s]       |                                                [32m[Kpow[m[K
[4.281s] In file included from [01m[K/usr/include/eigen3/Eigen/Core:164[m[K,
[4.281s]                  from [01m[K/usr/include/eigen3/Eigen/Dense:1[m[K,
[4.281s]                  from [01m[K/home/hong/Movement_Control/Go2Robot/include/WBC/WBC_Base.h:5[m[K,
[4.281s]                  from [01m[K/home/hong/Movement_Control/Go2Robot/include/WBC/WBC.hpp:5[m[K,
[4.281s]                  from [01m[K/home/hong/Movement_Control/Go2Robot/src/WBC/WBC.cpp:1[m[K:
[4.281s] /usr/include/eigen3/Eigen/src/Core/GeneralProduct.h: In instantiation of ‘[01m[Kconst Eigen::Product<Derived, OtherDerived> Eigen::MatrixBase<Derived>::operator*(const Eigen::MatrixBase<OtherDerived>&) const [with OtherDerived = Eigen::Matrix<double, 30, 30>; Derived = Eigen::Transpose<Eigen::Matrix<double, 12, 30> >][m[K’:
[4.281s] [01m[K/home/hong/Movement_Control/Go2Robot/src/WBC/WBC.cpp:183:53:[m[K   required from here
[4.281s] [01m[K/usr/include/eigen3/Eigen/src/Core/GeneralProduct.h:419:3:[m[K [01;31m[Kerror: [m[Kstatic assertion failed: INVALID_MATRIX_PRODUCT
[4.281s]   419 |   [01;31m[KEIGEN_STATIC_ASSERT[m[K(ProductIsValid || SameSizes, INVALID_MATRIX_PRODUCT)
[4.281s]       |   [01;31m[K^~~~~~~~~~~~~~~~~~~[m[K
[4.282s] [01m[K/usr/include/eigen3/Eigen/src/Core/GeneralProduct.h:419:3:[m[K [01;36m[Knote: [m[K‘[01m[K(false || false)[m[K’ evaluates to false
[4.282s] /usr/include/eigen3/Eigen/src/Core/GeneralProduct.h: In instantiation of ‘[01m[Kconst Eigen::Product<Derived, OtherDerived> Eigen::MatrixBase<Derived>::operator*(const Eigen::MatrixBase<OtherDerived>&) const [with OtherDerived = Eigen::Matrix<double, 12, 30>; Derived = Eigen::Product<Eigen::Transpose<Eigen::Matrix<double, 12, 30> >, Eigen::Matrix<double, 30, 30>, 0>][m[K’:
[4.282s] [01m[K/home/hong/Movement_Control/Go2Robot/src/WBC/WBC.cpp:183:66:[m[K   required from here
[4.282s] [01m[K/usr/include/eigen3/Eigen/src/Core/GeneralProduct.h:419:3:[m[K [01;31m[Kerror: [m[Kstatic assertion failed: INVALID_MATRIX_PRODUCT
[4.282s] [01m[K/usr/include/eigen3/Eigen/src/Core/GeneralProduct.h:419:3:[m[K [01;36m[Knote: [m[K‘[01m[K(false || false)[m[K’ evaluates to false
[4.282s] /usr/include/eigen3/Eigen/src/Core/GeneralProduct.h: In instantiation of ‘[01m[Kconst Eigen::Product<Derived, OtherDerived> Eigen::MatrixBase<Derived>::operator*(const Eigen::MatrixBase<OtherDerived>&) const [with OtherDerived = Eigen::Matrix<double, 30, 30>; Derived = Eigen::CwiseUnaryOp<Eigen::internal::scalar_opposite_op<double>, const Eigen::Transpose<Eigen::Matrix<double, 12, 30> > >][m[K’:
[4.282s] [01m[K/home/hong/Movement_Control/Go2Robot/src/WBC/WBC.cpp:187:54:[m[K   required from here
[4.282s] [01m[K/usr/include/eigen3/Eigen/src/Core/GeneralProduct.h:419:3:[m[K [01;31m[Kerror: [m[Kstatic assertion failed: INVALID_MATRIX_PRODUCT
[4.282s] [01m[K/usr/include/eigen3/Eigen/src/Core/GeneralProduct.h:419:3:[m[K [01;36m[Knote: [m[K‘[01m[K(false || false)[m[K’ evaluates to false
[4.282s] /usr/include/eigen3/Eigen/src/Core/GeneralProduct.h: In instantiation of ‘[01m[Kconst Eigen::Product<Derived, OtherDerived> Eigen::MatrixBase<Derived>::operator*(const Eigen::MatrixBase<OtherDerived>&) const [with OtherDerived = Eigen::Matrix<double, 12, 1, 0, 12, 1>; Derived = Eigen::Product<Eigen::CwiseUnaryOp<Eigen::internal::scalar_opposite_op<double>, const Eigen::Transpose<Eigen::Matrix<double, 12, 30> > >, Eigen::Matrix<double, 30, 30>, 0>][m[K’:
[4.282s] [01m[K/home/hong/Movement_Control/Go2Robot/src/WBC/WBC.cpp:187:67:[m[K   required from here
[4.283s] [01m[K/usr/include/eigen3/Eigen/src/Core/GeneralProduct.h:419:3:[m[K [01;31m[Kerror: [m[Kstatic assertion failed: INVALID_MATRIX_PRODUCT
[4.283s] [01m[K/usr/include/eigen3/Eigen/src/Core/GeneralProduct.h:419:3:[m[K [01;36m[Knote: [m[K‘[01m[K(false || false)[m[K’ evaluates to false
[4.582s] In file included from [01m[K/usr/include/eigen3/Eigen/Core:300[m[K,
[4.582s]                  from [01m[K/usr/include/eigen3/Eigen/Dense:1[m[K,
[4.582s]                  from [01m[K/home/hong/Movement_Control/Go2Robot/include/WBC/WBC_Base.h:5[m[K,
[4.582s]                  from [01m[K/home/hong/Movement_Control/Go2Robot/include/WBC/WBC.hpp:5[m[K,
[4.582s]                  from [01m[K/home/hong/Movement_Control/Go2Robot/src/WBC/WBC.cpp:1[m[K:
[4.582s] /usr/include/eigen3/Eigen/src/Core/CwiseNullaryOp.h: In instantiation of ‘[01m[KDerived& Eigen::DenseBase<Derived>::setConstant(const Scalar&) [with Derived = Eigen::Product<Eigen::Product<Eigen::Transpose<Eigen::Matrix<double, 12, 30> >, Eigen::Matrix<double, 30, 30>, 0>, Eigen::Matrix<double, 12, 30>, 0>; Eigen::DenseBase<Derived>::Scalar = double][m[K’:
[4.582s] [01m[K/usr/include/eigen3/Eigen/src/Core/CwiseNullaryOp.h:548:10:[m[K   required from ‘[01m[KDerived& Eigen::DenseBase<Derived>::setZero() [with Derived = Eigen::Product<Eigen::Product<Eigen::Transpose<Eigen::Matrix<double, 12, 30> >, Eigen::Matrix<double, 30, 30>, 0>, Eigen::Matrix<double, 12, 30>, 0>][m[K’
[4.582s] [01m[K/home/hong/Movement_Control/Go2Robot/src/WBC/WBC.cpp:198:23:[m[K   required from here
[4.583s] [01m[K/usr/include/eigen3/Eigen/src/Core/CwiseNullaryOp.h:347:20:[m[K [01;31m[Kerror: [m[Kno match for ‘[01m[Koperator=[m[K’ (operand types are ‘[01m[KEigen::Product<Eigen::Product<Eigen::Transpose<Eigen::Matrix<double, 12, 30> >, Eigen::Matrix<double, 30, 30>, 0>, Eigen::Matrix<double, 12, 30>, 0>[m[K’ and ‘[01m[Kconst ConstantReturnType[m[K’ {aka ‘[01m[Kconst Eigen::CwiseNullaryOp<Eigen::internal::scalar_constant_op<double>, Eigen::Matrix<double, 30, 30> >[m[K’})
[4.583s]   347 |   return [01;31m[Kderived() = Constant(rows(), cols(), val)[m[K;
[4.583s]       |          [01;31m[K~~~~~~~~~~^~~~~~~~~~~~~~~~~~~~~~~~~~~~~~~[m[K
[4.583s] In file included from [01m[K/usr/include/eigen3/Eigen/Core:276[m[K,
[4.583s]                  from [01m[K/usr/include/eigen3/Eigen/Dense:1[m[K,
[4.583s]                  from [01m[K/home/hong/Movement_Control/Go2Robot/include/WBC/WBC_Base.h:5[m[K,
[4.583s]                  from [01m[K/home/hong/Movement_Control/Go2Robot/include/WBC/WBC.hpp:5[m[K,
[4.583s]                  from [01m[K/home/hong/Movement_Control/Go2Robot/src/WBC/WBC.cpp:1[m[K:
[4.583s] [01m[K/usr/include/eigen3/Eigen/src/Core/Product.h:71:7:[m[K [01;36m[Knote: [m[Kcandidate: ‘[01m[KEigen::Product<Eigen::Product<Eigen::Transpose<Eigen::Matrix<double, 12, 30> >, Eigen::Matrix<double, 30, 30>, 0>, Eigen::Matrix<double, 12, 30>, 0>& Eigen::Product<Eigen::Product<Eigen::Transpose<Eigen::Matrix<double, 12, 30> >, Eigen::Matrix<double, 30, 30>, 0>, Eigen::Matrix<double, 12, 30>, 0>::operator=(const Eigen::Product<Eigen::Product<Eigen::Transpose<Eigen::Matrix<double, 12, 30> >, Eigen::Matrix<double, 30, 30>, 0>, Eigen::Matrix<double, 12, 30>, 0>&)[m[K’ (deleted)
[4.583s]    71 | class [01;36m[KProduct[m[K : public ProductImpl<_Lhs,_Rhs,Option,
[4.583s]       |       [01;36m[K^~~~~~~[m[K
[4.583s] [01m[K/usr/include/eigen3/Eigen/src/Core/Product.h:71:7:[m[K [01;36m[Knote: [m[K  no known conversion for argument 1 from ‘[01m[Kconst ConstantReturnType[m[K’ {aka ‘[01m[Kconst Eigen::CwiseNullaryOp<Eigen::internal::scalar_constant_op<double>, Eigen::Matrix<double, 30, 30> >[m[K’} to ‘[01m[Kconst Eigen::Product<Eigen::Product<Eigen::Transpose<Eigen::Matrix<double, 12, 30> >, Eigen::Matrix<double, 30, 30>, 0>, Eigen::Matrix<double, 12, 30>, 0>&[m[K’
[4.583s] [01m[K/usr/include/eigen3/Eigen/src/Core/Product.h:71:7:[m[K [01;36m[Knote: [m[Kcandidate: ‘[01m[KEigen::Product<Eigen::Product<Eigen::Transpose<Eigen::Matrix<double, 12, 30> >, Eigen::Matrix<double, 30, 30>, 0>, Eigen::Matrix<double, 12, 30>, 0>& Eigen::Product<Eigen::Product<Eigen::Transpose<Eigen::Matrix<double, 12, 30> >, Eigen::Matrix<double, 30, 30>, 0>, Eigen::Matrix<double, 12, 30>, 0>::operator=(Eigen::Product<Eigen::Product<Eigen::Transpose<Eigen::Matrix<double, 12, 30> >, Eigen::Matrix<double, 30, 30>, 0>, Eigen::Matrix<double, 12, 30>, 0>&&)[m[K’ (deleted)
[4.583s] [01m[K/usr/include/eigen3/Eigen/src/Core/Product.h:71:7:[m[K [01;36m[Knote: [m[K  no known conversion for argument 1 from ‘[01m[Kconst ConstantReturnType[m[K’ {aka ‘[01m[Kconst Eigen::CwiseNullaryOp<Eigen::internal::scalar_constant_op<double>, Eigen::Matrix<double, 30, 30> >[m[K’} to ‘[01m[KEigen::Product<Eigen::Product<Eigen::Transpose<Eigen::Matrix<double, 12, 30> >, Eigen::Matrix<double, 30, 30>, 0>, Eigen::Matrix<double, 12, 30>, 0>&&[m[K’
[4.583s] In file included from [01m[K/usr/include/eigen3/Eigen/Core:300[m[K,
[4.583s]                  from [01m[K/usr/include/eigen3/Eigen/Dense:1[m[K,
[4.583s]                  from [01m[K/home/hong/Movement_Control/Go2Robot/include/WBC/WBC_Base.h:5[m[K,
[4.583s]                  from [01m[K/home/hong/Movement_Control/Go2Robot/include/WBC/WBC.hpp:5[m[K,
[4.583s]                  from [01m[K/home/hong/Movement_Control/Go2Robot/src/WBC/WBC.cpp:1[m[K:
[4.583s] /usr/include/eigen3/Eigen/src/Core/CwiseNullaryOp.h: In instantiation of ‘[01m[KDerived& Eigen::DenseBase<Derived>::setConstant(const Scalar&) [with Derived = Eigen::Product<Eigen::Product<Eigen::CwiseUnaryOp<Eigen::internal::scalar_opposite_op<double>, const Eigen::Transpose<Eigen::Matrix<double, 12, 30> > >, Eigen::Matrix<double, 30, 30>, 0>, Eigen::Matrix<double, 12, 1, 0, 12, 1>, 0>; Eigen::DenseBase<Derived>::Scalar = double][m[K’:
[4.583s] [01m[K/usr/include/eigen3/Eigen/src/Core/CwiseNullaryOp.h:548:10:[m[K   required from ‘[01m[KDerived& Eigen::DenseBase<Derived>::setZero() [with Derived = Eigen::Product<Eigen::Product<Eigen::CwiseUnaryOp<Eigen::internal::scalar_opposite_op<double>, const Eigen::Transpose<Eigen::Matrix<double, 12, 30> > >, Eigen::Matrix<double, 30, 30>, 0>, Eigen::Matrix<double, 12, 1, 0, 12, 1>, 0>][m[K’
[4.583s] [01m[K/home/hong/Movement_Control/Go2Robot/src/WBC/WBC.cpp:199:23:[m[K   required from here
[4.583s] [01m[K/usr/include/eigen3/Eigen/src/Core/CwiseNullaryOp.h:347:20:[m[K [01;31m[Kerror: [m[Kno match for ‘[01m[Koperator=[m[K’ (operand types are ‘[01m[KEigen::Product<Eigen::Product<Eigen::CwiseUnaryOp<Eigen::internal::scalar_opposite_op<double>, const Eigen::Transpose<Eigen::Matrix<double, 12, 30> > >, Eigen::Matrix<double, 30, 30>, 0>, Eigen::Matrix<double, 12, 1, 0, 12, 1>, 0>[m[K’ and ‘[01m[Kconst ConstantReturnType[m[K’ {aka ‘[01m[Kconst Eigen::CwiseNullaryOp<Eigen::internal::scalar_constant_op<double>, Eigen::Matrix<double, 30, 1, 0, 30, 1> >[m[K’})
[4.583s]   347 |   return [01;31m[Kderived() = Constant(rows(), cols(), val)[m[K;
[4.583s]       |          [01;31m[K~~~~~~~~~~^~~~~~~~~~~~~~~~~~~~~~~~~~~~~~~[m[K
[4.583s] In file included from [01m[K/usr/include/eigen3/Eigen/Core:276[m[K,
[4.583s]                  from [01m[K/usr/include/eigen3/Eigen/Dense:1[m[K,
[4.583s]                  from [01m[K/home/hong/Movement_Control/Go2Robot/include/WBC/WBC_Base.h:5[m[K,
[4.583s]                  from [01m[K/home/hong/Movement_Control/Go2Robot/include/WBC/WBC.hpp:5[m[K,
[4.583s]                  from [01m[K/home/hong/Movement_Control/Go2Robot/src/WBC/WBC.cpp:1[m[K:
[4.584s] [01m[K/usr/include/eigen3/Eigen/src/Core/Product.h:71:7:[m[K [01;36m[Knote: [m[Kcandidate: ‘[01m[KEigen::Product<Eigen::Product<Eigen::CwiseUnaryOp<Eigen::internal::scalar_opposite_op<double>, const Eigen::Transpose<Eigen::Matrix<double, 12, 30> > >, Eigen::Matrix<double, 30, 30>, 0>, Eigen::Matrix<double, 12, 1, 0, 12, 1>, 0>& Eigen::Product<Eigen::Product<Eigen::CwiseUnaryOp<Eigen::internal::scalar_opposite_op<double>, const Eigen::Transpose<Eigen::Matrix<double, 12, 30> > >, Eigen::Matrix<double, 30, 30>, 0>, Eigen::Matrix<double, 12, 1, 0, 12, 1>, 0>::operator=(const Eigen::Product<Eigen::Product<Eigen::CwiseUnaryOp<Eigen::internal::scalar_opposite_op<double>, const Eigen::Transpose<Eigen::Matrix<double, 12, 30> > >, Eigen::Matrix<double, 30, 30>, 0>, Eigen::Matrix<double, 12, 1, 0, 12, 1>, 0>&)[m[K’ (deleted)
[4.584s]    71 | class [01;36m[KProduct[m[K : public ProductImpl<_Lhs,_Rhs,Option,
[4.584s]       |       [01;36m[K^~~~~~~[m[K
[4.584s] [01m[K/usr/include/eigen3/Eigen/src/Core/Product.h:71:7:[m[K [01;36m[Knote: [m[K  no known conversion for argument 1 from ‘[01m[Kconst ConstantReturnType[m[K’ {aka ‘[01m[Kconst Eigen::CwiseNullaryOp<Eigen::internal::scalar_constant_op<double>, Eigen::Matrix<double, 30, 1, 0, 30, 1> >[m[K’} to ‘[01m[Kconst Eigen::Product<Eigen::Product<Eigen::CwiseUnaryOp<Eigen::internal::scalar_opposite_op<double>, const Eigen::Transpose<Eigen::Matrix<double, 12, 30> > >, Eigen::Matrix<double, 30, 30>, 0>, Eigen::Matrix<double, 12, 1, 0, 12, 1>, 0>&[m[K’
[4.584s] [01m[K/usr/include/eigen3/Eigen/src/Core/Product.h:71:7:[m[K [01;36m[Knote: [m[Kcandidate: ‘[01m[KEigen::Product<Eigen::Product<Eigen::CwiseUnaryOp<Eigen::internal::scalar_opposite_op<double>, const Eigen::Transpose<Eigen::Matrix<double, 12, 30> > >, Eigen::Matrix<double, 30, 30>, 0>, Eigen::Matrix<double, 12, 1, 0, 12, 1>, 0>& Eigen::Product<Eigen::Product<Eigen::CwiseUnaryOp<Eigen::internal::scalar_opposite_op<double>, const Eigen::Transpose<Eigen::Matrix<double, 12, 30> > >, Eigen::Matrix<double, 30, 30>, 0>, Eigen::Matrix<double, 12, 1, 0, 12, 1>, 0>::operator=(Eigen::Product<Eigen::Product<Eigen::CwiseUnaryOp<Eigen::internal::scalar_opposite_op<double>, const Eigen::Transpose<Eigen::Matrix<double, 12, 30> > >, Eigen::Matrix<double, 30, 30>, 0>, Eigen::Matrix<double, 12, 1, 0, 12, 1>, 0>&&)[m[K’ (deleted)
[4.584s] [01m[K/usr/include/eigen3/Eigen/src/Core/Product.h:71:7:[m[K [01;36m[Knote: [m[K  no known conversion for argument 1 from ‘[01m[Kconst ConstantReturnType[m[K’ {aka ‘[01m[Kconst Eigen::CwiseNullaryOp<Eigen::internal::scalar_constant_op<double>, Eigen::Matrix<double, 30, 1, 0, 30, 1> >[m[K’} to ‘[01m[KEigen::Product<Eigen::Product<Eigen::CwiseUnaryOp<Eigen::internal::scalar_opposite_op<double>, const Eigen::Transpose<Eigen::Matrix<double, 12, 30> > >, Eigen::Matrix<double, 30, 30>, 0>, Eigen::Matrix<double, 12, 1, 0, 12, 1>, 0>&&[m[K’
[5.694s] In file included from [01m[K/usr/include/eigen3/Eigen/Core:164[m[K,
[5.694s]                  from [01m[K/usr/include/eigen3/Eigen/Dense:1[m[K,
[5.694s]                  from [01m[K/home/hong/Movement_Control/Go2Robot/include/WBC/WBC_Base.h:5[m[K,
[5.694s]                  from [01m[K/home/hong/Movement_Control/Go2Robot/include/WBC/WBC.hpp:5[m[K,
[5.694s]                  from [01m[K/home/hong/Movement_Control/Go2Robot/src/WBC/WBC.cpp:1[m[K:
[5.694s] /usr/include/eigen3/Eigen/src/Core/GeneralProduct.h: In instantiation of ‘[01m[Kconst Eigen::Product<Derived, OtherDerived, 1> Eigen::MatrixBase<Derived>::lazyProduct(const Eigen::MatrixBase<OtherDerived>&) const [with OtherDerived = Eigen::Matrix<double, 12, 30>; Derived = Eigen::Product<Eigen::Transpose<Eigen::Matrix<double, 12, 30> >, Eigen::Matrix<double, 30, 30>, 0>][m[K’:
[5.694s] [01m[K/usr/include/eigen3/Eigen/src/Core/ProductEvaluators.h:462:68:[m[K   required from ‘[01m[Kstatic void Eigen::internal::generic_product_impl<Lhs, Rhs, Eigen::DenseShape, Eigen::DenseShape, 3>::eval_dynamic_impl(Dst&, const LhsT&, const RhsT&, const Func&, const Scalar&, Eigen::internal::false_type) [with Dst = Eigen::Matrix<double, 30, 30>; LhsT = Eigen::Product<Eigen::Transpose<Eigen::Matrix<double, 12, 30> >, Eigen::Matrix<double, 30, 30>, 0>; RhsT = Eigen::Matrix<double, 12, 30>; Func = Eigen::internal::add_assign_op<double, double>; Scalar = double; Lhs = Eigen::Product<Eigen::Transpose<Eigen::Matrix<double, 12, 30> >, Eigen::Matrix<double, 30, 30>, 0>; Rhs = Eigen::Matrix<double, 12, 30>][m[K’
[5.694s] [01m[K/usr/include/eigen3/Eigen/src/Core/ProductEvaluators.h:446:22:[m[K   required from ‘[01m[Kstatic void Eigen::internal::generic_product_impl<Lhs, Rhs, Eigen::DenseShape, Eigen::DenseShape, 3>::eval_dynamic(Dst&, const Lhs&, const Rhs&, const Func&) [with Dst = Eigen::Matrix<double, 30, 30>; Func = Eigen::internal::add_assign_op<double, double>; Lhs = Eigen::Product<Eigen::Transpose<Eigen::Matrix<double, 12, 30> >, Eigen::Matrix<double, 30, 30>, 0>; Rhs = Eigen::Matrix<double, 12, 30>][m[K’
[5.694s] [01m[K/usr/include/eigen3/Eigen/src/Core/products/GeneralMatrixMatrix.h:453:32:[m[K   required from ‘[01m[Kstatic void Eigen::internal::generic_product_impl<Lhs, Rhs, Eigen::DenseShape, Eigen::DenseShape, 8>::addTo(Dst&, const Lhs&, const Rhs&) [with Dst = Eigen::Matrix<double, 30, 30>; Lhs = Eigen::Product<Eigen::Transpose<Eigen::Matrix<double, 12, 30> >, Eigen::Matrix<double, 30, 30>, 0>; Rhs = Eigen::Matrix<double, 12, 30>][m[K’
[5.694s] [01m[K/usr/include/eigen3/Eigen/src/Core/ProductEvaluators.h:163:42:[m[K   required from ‘[01m[Kstatic void Eigen::internal::Assignment<DstXprType, Eigen::Product<Lhs, Rhs, Options>, Eigen::internal::add_assign_op<Scalar, Scalar>, Eigen::internal::Dense2Dense, typename Eigen::internal::enable_if<((Options == Eigen::DefaultProduct) || (Options == Eigen::AliasFreeProduct))>::type>::run(DstXprType&, const SrcXprType&, const Eigen::internal::add_assign_op<Scalar, Scalar>&) [with DstXprType = Eigen::Matrix<double, 30, 30>; Lhs = Eigen::Product<Eigen::Transpose<Eigen::Matrix<double, 12, 30> >, Eigen::Matrix<double, 30, 30>, 0>; Rhs = Eigen::Matrix<double, 12, 30>; int Options = 0; Scalar = double; Eigen::internal::Assignment<DstXprType, Eigen::Product<Lhs, Rhs, Options>, Eigen::internal::add_assign_op<Scalar, Scalar>, Eigen::internal::Dense2Dense, typename Eigen::internal::enable_if<((Options == Eigen::DefaultProduct) || (Options == Eigen::AliasFreeProduct))>::type>::SrcXprType = Eigen::Product<Eigen::Product<Eigen::Transpose<Eigen::Matrix<double, 12, 30> >, Eigen::Matrix<double, 30, 30>, 0>, Eigen::Matrix<double, 12, 30>, 0>][m[K’
[5.694s] [01m[K/usr/include/eigen3/Eigen/src/Core/AssignEvaluator.h:890:49:[m[K   required from ‘[01m[Kvoid Eigen::internal::call_assignment_no_alias(Dst&, const Src&, const Func&) [with Dst = Eigen::Matrix<double, 30, 30>; Src = Eigen::Product<Eigen::Product<Eigen::Transpose<Eigen::Matrix<double, 12, 30> >, Eigen::Matrix<double, 30, 30>, 0>, Eigen::Matrix<double, 12, 30>, 0>; Func = Eigen::internal::add_assign_op<double, double>][m[K’
[5.694s] [01m[K/usr/include/eigen3/Eigen/src/Core/ProductEvaluators.h:224:29:[m[K   [ skipping 4 instantiation contexts, use -ftemplate-backtrace-limit=0 to disable ]
[5.694s] [01m[K/usr/include/eigen3/Eigen/src/Core/Matrix.h:332:31:[m[K   required from ‘[01m[KEigen::Matrix<_Scalar, _Rows, _Cols, _Options, _MaxRows, _MaxCols>::Matrix(const T&) [with T = Eigen::CwiseBinaryOp<Eigen::internal::scalar_sum_op<double, double>, const Eigen::CwiseBinaryOp<Eigen::internal::scalar_sum_op<double, double>, const Eigen::Product<Eigen::Product<Eigen::Transpose<Eigen::Matrix<double, 18, 30> >, Eigen::Matrix<double, 18, 18>, 0>, Eigen::Matrix<double, 18, 30>, 0>, const Eigen::Product<Eigen::Product<Eigen::Transpose<Eigen::Matrix<double, 12, 30> >, Eigen::Matrix<double, 12, 12>, 0>, Eigen::Matrix<double, 12, 30>, 0> >, const Eigen::Product<Eigen::Product<Eigen::Transpose<Eigen::Matrix<double, 12, 30> >, Eigen::Matrix<double, 30, 30>, 0>, Eigen::Matrix<double, 12, 30>, 0> >; _Scalar = double; int _Rows = 30; int _Cols = 30; int _Options = 0; int _MaxRows = 30; int _MaxCols = 30][m[K’
[5.694s] [01m[K/usr/include/eigen3/Eigen/src/Core/AssignEvaluator.h:850:41:[m[K   required from ‘[01m[Kvoid Eigen::internal::call_assignment(Dst&, const Src&, const Func&, typename Eigen::internal::enable_if<Eigen::internal::evaluator_assume_aliasing<Src>::value, void*>::type) [with Dst = Eigen::Matrix<double, 30, 30>; Src = Eigen::CwiseBinaryOp<Eigen::internal::scalar_sum_op<double, double>, const Eigen::CwiseBinaryOp<Eigen::internal::scalar_sum_op<double, double>, const Eigen::Product<Eigen::Product<Eigen::Transpose<Eigen::Matrix<double, 18, 30> >, Eigen::Matrix<double, 18, 18>, 0>, Eigen::Matrix<double, 18, 30>, 0>, const Eigen::Product<Eigen::Product<Eigen::Transpose<Eigen::Matrix<double, 12, 30> >, Eigen::Matrix<double, 12, 12>, 0>, Eigen::Matrix<double, 12, 30>, 0> >, const Eigen::Product<Eigen::Product<Eigen::Transpose<Eigen::Matrix<double, 12, 30> >, Eigen::Matrix<double, 30, 30>, 0>, Eigen::Matrix<double, 12, 30>, 0> >; Func = Eigen::internal::assign_op<double, double>; typename Eigen::internal::enable_if<Eigen::internal::evaluator_assume_aliasing<Src>::value, void*>::type = void*; typename Eigen::internal::evaluator_traits<SrcXprType>::Shape = Eigen::DenseShape][m[K’
[5.694s] [01m[K/usr/include/eigen3/Eigen/src/Core/AssignEvaluator.h:836:18:[m[K   required from ‘[01m[Kvoid Eigen::internal::call_assignment(Dst&, const Src&) [with Dst = Eigen::Matrix<double, 30, 30>; Src = Eigen::CwiseBinaryOp<Eigen::internal::scalar_sum_op<double, double>, const Eigen::CwiseBinaryOp<Eigen::internal::scalar_sum_op<double, double>, const Eigen::Product<Eigen::Product<Eigen::Transpose<Eigen::Matrix<double, 18, 30> >, Eigen::Matrix<double, 18, 18>, 0>, Eigen::Matrix<double, 18, 30>, 0>, const Eigen::Product<Eigen::Product<Eigen::Transpose<Eigen::Matrix<double, 12, 30> >, Eigen::Matrix<double, 12, 12>, 0>, Eigen::Matrix<double, 12, 30>, 0> >, const Eigen::Product<Eigen::Product<Eigen::Transpose<Eigen::Matrix<double, 12, 30> >, Eigen::Matrix<double, 30, 30>, 0>, Eigen::Matrix<double, 12, 30>, 0> >][m[K’
[5.694s] [01m[K/usr/include/eigen3/Eigen/src/Core/PlainObjectBase.h:779:32:[m[K   required from ‘[01m[KDerived& Eigen::PlainObjectBase<Derived>::_set(const Eigen::DenseBase<OtherDerived>&) [with OtherDerived = Eigen::CwiseBinaryOp<Eigen::internal::scalar_sum_op<double, double>, const Eigen::CwiseBinaryOp<Eigen::internal::scalar_sum_op<double, double>, const Eigen::Product<Eigen::Product<Eigen::Transpose<Eigen::Matrix<double, 18, 30> >, Eigen::Matrix<double, 18, 18>, 0>, Eigen::Matrix<double, 18, 30>, 0>, const Eigen::Product<Eigen::Product<Eigen::Transpose<Eigen::Matrix<double, 12, 30> >, Eigen::Matrix<double, 12, 12>, 0>, Eigen::Matrix<double, 12, 30>, 0> >, const Eigen::Product<Eigen::Product<Eigen::Transpose<Eigen::Matrix<double, 12, 30> >, Eigen::Matrix<double, 30, 30>, 0>, Eigen::Matrix<double, 12, 30>, 0> >; Derived = Eigen::Matrix<double, 30, 30>][m[K’
[5.695s] [01m[K/usr/include/eigen3/Eigen/src/Core/Matrix.h:225:24:[m[K   required from ‘[01m[KEigen::Matrix<_Scalar, _Rows, _Cols, _Options, _MaxRows, _MaxCols>& Eigen::Matrix<_Scalar, _Rows, _Cols, _Options, _MaxRows, _MaxCols>::operator=(const Eigen::DenseBase<OtherDerived>&) [with OtherDerived = Eigen::CwiseBinaryOp<Eigen::internal::scalar_sum_op<double, double>, const Eigen::CwiseBinaryOp<Eigen::internal::scalar_sum_op<double, double>, const Eigen::Product<Eigen::Product<Eigen::Transpose<Eigen::Matrix<double, 18, 30> >, Eigen::Matrix<double, 18, 18>, 0>, Eigen::Matrix<double, 18, 30>, 0>, const Eigen::Product<Eigen::Product<Eigen::Transpose<Eigen::Matrix<double, 12, 30> >, Eigen::Matrix<double, 12, 12>, 0>, Eigen::Matrix<double, 12, 30>, 0> >, const Eigen::Product<Eigen::Product<Eigen::Transpose<Eigen::Matrix<double, 12, 30> >, Eigen::Matrix<double, 30, 30>, 0>, Eigen::Matrix<double, 12, 30>, 0> >; _Scalar = double; int _Rows = 30; int _Cols = 30; int _Options = 0; int _MaxRows = 30; int _MaxCols = 30][m[K’
[5.695s] [01m[K/home/hong/Movement_Control/Go2Robot/src/WBC/WBC.cpp:203:23:[m[K   required from here
[5.695s] [01m[K/usr/include/eigen3/Eigen/src/Core/GeneralProduct.h:458:3:[m[K [01;31m[Kerror: [m[Kstatic assertion failed: INVALID_MATRIX_PRODUCT
[5.695s]   458 |   [01;31m[KEIGEN_STATIC_ASSERT[m[K(ProductIsValid || SameSizes, INVALID_MATRIX_PRODUCT)
[5.695s]       |   [01;31m[K^~~~~~~~~~~~~~~~~~~[m[K
[5.695s] [01m[K/usr/include/eigen3/Eigen/src/Core/GeneralProduct.h:458:3:[m[K [01;36m[Knote: [m[K‘[01m[K(false || false)[m[K’ evaluates to false
[5.698s] /usr/include/eigen3/Eigen/src/Core/Dot.h: In instantiation of ‘[01m[Ktypename Eigen::ScalarBinaryOpTraits<typename Eigen::internal::traits<T>::Scalar, typename Eigen::internal::traits<OtherDerived>::Scalar>::ReturnType Eigen::MatrixBase<Derived>::dot(const Eigen::MatrixBase<OtherDerived>&) const [with OtherDerived = Eigen::Block<const Eigen::Block<const Eigen::Matrix<double, 12, 30>, 12, 1, true>, 12, 1, true>; Derived = Eigen::Block<const Eigen::Product<Eigen::Transpose<Eigen::Matrix<double, 12, 30> >, Eigen::Matrix<double, 30, 30>, 0>, 1, 30, false>; typename Eigen::ScalarBinaryOpTraits<typename Eigen::internal::traits<T>::Scalar, typename Eigen::internal::traits<OtherDerived>::Scalar>::ReturnType = double; typename Eigen::internal::traits<OtherDerived>::Scalar = double; typename Eigen::internal::traits<T>::Scalar = double][m[K’:
[5.698s] [01m[K/usr/include/eigen3/Eigen/src/Core/ProductEvaluators.h:380:62:[m[K   required from ‘[01m[Kstatic void Eigen::internal::generic_product_impl<Lhs, Rhs, Eigen::DenseShape, Eigen::DenseShape, 7>::scaleAndAddTo(Dest&, const Lhs&, const Rhs&, const Scalar&) [with Dest = Eigen::Block<Eigen::Matrix<double, 30, 30>, 30, 1, true>; Lhs = Eigen::Product<Eigen::Transpose<Eigen::Matrix<double, 12, 30> >, Eigen::Matrix<double, 30, 30>, 0>; Rhs = const Eigen::Block<const Eigen::Matrix<double, 12, 30>, 12, 1, true>; Eigen::internal::generic_product_impl<Lhs, Rhs, Eigen::DenseShape, Eigen::DenseShape, 7>::Scalar = double][m[K’
[5.698s] [01m[K/usr/include/eigen3/Eigen/src/Core/products/GeneralMatrixMatrix.h:479:24:[m[K   required from ‘[01m[Kstatic void Eigen::internal::generic_product_impl<Lhs, Rhs, Eigen::DenseShape, Eigen::DenseShape, 8>::scaleAndAddTo(Dest&, const Lhs&, const Rhs&, const Scalar&) [with Dest = Eigen::Matrix<double, 30, 30>; Lhs = Eigen::Product<Eigen::Transpose<Eigen::Matrix<double, 12, 30> >, Eigen::Matrix<double, 30, 30>, 0>; Rhs = Eigen::Matrix<double, 12, 30>; Eigen::internal::generic_product_impl<Lhs, Rhs, Eigen::DenseShape, Eigen::DenseShape, 8>::Scalar = double][m[K’
[5.698s] [01m[K/usr/include/eigen3/Eigen/src/Core/products/GeneralMatrixMatrix.h:455:20:[m[K   required from ‘[01m[Kstatic void Eigen::internal::generic_product_impl<Lhs, Rhs, Eigen::DenseShape, Eigen::DenseShape, 8>::addTo(Dst&, const Lhs&, const Rhs&) [with Dst = Eigen::Matrix<double, 30, 30>; Lhs = Eigen::Product<Eigen::Transpose<Eigen::Matrix<double, 12, 30> >, Eigen::Matrix<double, 30, 30>, 0>; Rhs = Eigen::Matrix<double, 12, 30>][m[K’
[5.698s] [01m[K/usr/include/eigen3/Eigen/src/Core/ProductEvaluators.h:163:42:[m[K   required from ‘[01m[Kstatic void Eigen::internal::Assignment<DstXprType, Eigen::Product<Lhs, Rhs, Options>, Eigen::internal::add_assign_op<Scalar, Scalar>, Eigen::internal::Dense2Dense, typename Eigen::internal::enable_if<((Options == Eigen::DefaultProduct) || (Options == Eigen::AliasFreeProduct))>::type>::run(DstXprType&, const SrcXprType&, const Eigen::internal::add_assign_op<Scalar, Scalar>&) [with DstXprType = Eigen::Matrix<double, 30, 30>; Lhs = Eigen::Product<Eigen::Transpose<Eigen::Matrix<double, 12, 30> >, Eigen::Matrix<double, 30, 30>, 0>; Rhs = Eigen::Matrix<double, 12, 30>; int Options = 0; Scalar = double; Eigen::internal::Assignment<DstXprType, Eigen::Product<Lhs, Rhs, Options>, Eigen::internal::add_assign_op<Scalar, Scalar>, Eigen::internal::Dense2Dense, typename Eigen::internal::enable_if<((Options == Eigen::DefaultProduct) || (Options == Eigen::AliasFreeProduct))>::type>::SrcXprType = Eigen::Product<Eigen::Product<Eigen::Transpose<Eigen::Matrix<double, 12, 30> >, Eigen::Matrix<double, 30, 30>, 0>, Eigen::Matrix<double, 12, 30>, 0>][m[K’
[5.698s] [01m[K/usr/include/eigen3/Eigen/src/Core/AssignEvaluator.h:890:49:[m[K   required from ‘[01m[Kvoid Eigen::internal::call_assignment_no_alias(Dst&, const Src&, const Func&) [with Dst = Eigen::Matrix<double, 30, 30>; Src = Eigen::Product<Eigen::Product<Eigen::Transpose<Eigen::Matrix<double, 12, 30> >, Eigen::Matrix<double, 30, 30>, 0>, Eigen::Matrix<double, 12, 30>, 0>; Func = Eigen::internal::add_assign_op<double, double>][m[K’
[5.698s] [01m[K/usr/include/eigen3/Eigen/src/Core/ProductEvaluators.h:224:29:[m[K   [ skipping 4 instantiation contexts, use -ftemplate-backtrace-limit=0 to disable ]
[5.698s] [01m[K/usr/include/eigen3/Eigen/src/Core/Matrix.h:332:31:[m[K   required from ‘[01m[KEigen::Matrix<_Scalar, _Rows, _Cols, _Options, _MaxRows, _MaxCols>::Matrix(const T&) [with T = Eigen::CwiseBinaryOp<Eigen::internal::scalar_sum_op<double, double>, const Eigen::CwiseBinaryOp<Eigen::internal::scalar_sum_op<double, double>, const Eigen::Product<Eigen::Product<Eigen::Transpose<Eigen::Matrix<double, 18, 30> >, Eigen::Matrix<double, 18, 18>, 0>, Eigen::Matrix<double, 18, 30>, 0>, const Eigen::Product<Eigen::Product<Eigen::Transpose<Eigen::Matrix<double, 12, 30> >, Eigen::Matrix<double, 12, 12>, 0>, Eigen::Matrix<double, 12, 30>, 0> >, const Eigen::Product<Eigen::Product<Eigen::Transpose<Eigen::Matrix<double, 12, 30> >, Eigen::Matrix<double, 30, 30>, 0>, Eigen::Matrix<double, 12, 30>, 0> >; _Scalar = double; int _Rows = 30; int _Cols = 30; int _Options = 0; int _MaxRows = 30; int _MaxCols = 30][m[K’
[5.698s] [01m[K/usr/include/eigen3/Eigen/src/Core/AssignEvaluator.h:850:41:[m[K   required from ‘[01m[Kvoid Eigen::internal::call_assignment(Dst&, const Src&, const Func&, typename Eigen::internal::enable_if<Eigen::internal::evaluator_assume_aliasing<Src>::value, void*>::type) [with Dst = Eigen::Matrix<double, 30, 30>; Src = Eigen::CwiseBinaryOp<Eigen::internal::scalar_sum_op<double, double>, const Eigen::CwiseBinaryOp<Eigen::internal::scalar_sum_op<double, double>, const Eigen::Product<Eigen::Product<Eigen::Transpose<Eigen::Matrix<double, 18, 30> >, Eigen::Matrix<double, 18, 18>, 0>, Eigen::Matrix<double, 18, 30>, 0>, const Eigen::Product<Eigen::Product<Eigen::Transpose<Eigen::Matrix<double, 12, 30> >, Eigen::Matrix<double, 12, 12>, 0>, Eigen::Matrix<double, 12, 30>, 0> >, const Eigen::Product<Eigen::Product<Eigen::Transpose<Eigen::Matrix<double, 12, 30> >, Eigen::Matrix<double, 30, 30>, 0>, Eigen::Matrix<double, 12, 30>, 0> >; Func = Eigen::internal::assign_op<double, double>; typename Eigen::internal::enable_if<Eigen::internal::evaluator_assume_aliasing<Src>::value, void*>::type = void*; typename Eigen::internal::evaluator_traits<SrcXprType>::Shape = Eigen::DenseShape][m[K’
[5.698s] [01m[K/usr/include/eigen3/Eigen/src/Core/AssignEvaluator.h:836:18:[m[K   required from ‘[01m[Kvoid Eigen::internal::call_assignment(Dst&, const Src&) [with Dst = Eigen::Matrix<double, 30, 30>; Src = Eigen::CwiseBinaryOp<Eigen::internal::scalar_sum_op<double, double>, const Eigen::CwiseBinaryOp<Eigen::internal::scalar_sum_op<double, double>, const Eigen::Product<Eigen::Product<Eigen::Transpose<Eigen::Matrix<double, 18, 30> >, Eigen::Matrix<double, 18, 18>, 0>, Eigen::Matrix<double, 18, 30>, 0>, const Eigen::Product<Eigen::Product<Eigen::Transpose<Eigen::Matrix<double, 12, 30> >, Eigen::Matrix<double, 12, 12>, 0>, Eigen::Matrix<double, 12, 30>, 0> >, const Eigen::Product<Eigen::Product<Eigen::Transpose<Eigen::Matrix<double, 12, 30> >, Eigen::Matrix<double, 30, 30>, 0>, Eigen::Matrix<double, 12, 30>, 0> >][m[K’
[5.698s] [01m[K/usr/include/eigen3/Eigen/src/Core/PlainObjectBase.h:779:32:[m[K   required from ‘[01m[KDerived& Eigen::PlainObjectBase<Derived>::_set(const Eigen::DenseBase<OtherDerived>&) [with OtherDerived = Eigen::CwiseBinaryOp<Eigen::internal::scalar_sum_op<double, double>, const Eigen::CwiseBinaryOp<Eigen::internal::scalar_sum_op<double, double>, const Eigen::Product<Eigen::Product<Eigen::Transpose<Eigen::Matrix<double, 18, 30> >, Eigen::Matrix<double, 18, 18>, 0>, Eigen::Matrix<double, 18, 30>, 0>, const Eigen::Product<Eigen::Product<Eigen::Transpose<Eigen::Matrix<double, 12, 30> >, Eigen::Matrix<double, 12, 12>, 0>, Eigen::Matrix<double, 12, 30>, 0> >, const Eigen::Product<Eigen::Product<Eigen::Transpose<Eigen::Matrix<double, 12, 30> >, Eigen::Matrix<double, 30, 30>, 0>, Eigen::Matrix<double, 12, 30>, 0> >; Derived = Eigen::Matrix<double, 30, 30>][m[K’
[5.698s] [01m[K/usr/include/eigen3/Eigen/src/Core/Matrix.h:225:24:[m[K   required from ‘[01m[KEigen::Matrix<_Scalar, _Rows, _Cols, _Options, _MaxRows, _MaxCols>& Eigen::Matrix<_Scalar, _Rows, _Cols, _Options, _MaxRows, _MaxCols>::operator=(const Eigen::DenseBase<OtherDerived>&) [with OtherDerived = Eigen::CwiseBinaryOp<Eigen::internal::scalar_sum_op<double, double>, const Eigen::CwiseBinaryOp<Eigen::internal::scalar_sum_op<double, double>, const Eigen::Product<Eigen::Product<Eigen::Transpose<Eigen::Matrix<double, 18, 30> >, Eigen::Matrix<double, 18, 18>, 0>, Eigen::Matrix<double, 18, 30>, 0>, const Eigen::Product<Eigen::Product<Eigen::Transpose<Eigen::Matrix<double, 12, 30> >, Eigen::Matrix<double, 12, 12>, 0>, Eigen::Matrix<double, 12, 30>, 0> >, const Eigen::Product<Eigen::Product<Eigen::Transpose<Eigen::Matrix<double, 12, 30> >, Eigen::Matrix<double, 30, 30>, 0>, Eigen::Matrix<double, 12, 30>, 0> >; _Scalar = double; int _Rows = 30; int _Cols = 30; int _Options = 0; int _MaxRows = 30; int _MaxCols = 30][m[K’
[5.698s] [01m[K/home/hong/Movement_Control/Go2Robot/src/WBC/WBC.cpp:203:23:[m[K   required from here
[5.698s] [01m[K/usr/include/eigen3/Eigen/src/Core/Dot.h:76:3:[m[K [01;31m[Kerror: [m[Kstatic assertion failed: YOU_MIXED_VECTORS_OF_DIFFERENT_SIZES
[5.698s]    76 |   [01;31m[KEIGEN_STATIC_ASSERT_SAME_VECTOR_SIZE[m[K(Derived,OtherDerived)
[5.699s]       |   [01;31m[K^~~~~~~~~~~~~~~~~~~~~~~~~~~~~~~~~~~~[m[K
[5.699s] [01m[K/usr/include/eigen3/Eigen/src/Core/Dot.h:76:3:[m[K [01;36m[Knote: [m[K‘[01m[K(((((int)Eigen::Block<const Eigen::Product<Eigen::Transpose<Eigen::Matrix<double, 12, 30> >, Eigen::Matrix<double, 30, 30>, 0>, 1, 30, false>::SizeAtCompileTime) == ((int)Eigen::Dynamic)) || (((int)Eigen::Block<const Eigen::Block<const Eigen::Matrix<double, 12, 30>, 12, 1, true>, 12, 1, true>::SizeAtCompileTime) == ((int)Eigen::Dynamic))) || (((int)Eigen::Block<const Eigen::Product<Eigen::Transpose<Eigen::Matrix<double, 12, 30> >, Eigen::Matrix<double, 30, 30>, 0>, 1, 30, false>::SizeAtCompileTime) == ((int)Eigen::Block<const Eigen::Block<const Eigen::Matrix<double, 12, 30>, 12, 1, true>, 12, 1, true>::SizeAtCompileTime)))[m[K’ evaluates to false
[5.732s] /usr/include/eigen3/Eigen/src/Core/Dot.h: In instantiation of ‘[01m[Ktypename Eigen::ScalarBinaryOpTraits<typename Eigen::internal::traits<T>::Scalar, typename Eigen::internal::traits<OtherDerived>::Scalar>::ReturnType Eigen::MatrixBase<Derived>::dot(const Eigen::MatrixBase<OtherDerived>&) const [with OtherDerived = Eigen::Block<const Eigen::Matrix<double, 12, 30>, 12, 1, true>; Derived = Eigen::Block<const Eigen::Block<const Eigen::Product<Eigen::Transpose<Eigen::Matrix<double, 12, 30> >, Eigen::Matrix<double, 30, 30>, 0>, 1, 30, false>, 1, 30, true>; typename Eigen::ScalarBinaryOpTraits<typename Eigen::internal::traits<T>::Scalar, typename Eigen::internal::traits<OtherDerived>::Scalar>::ReturnType = double; typename Eigen::internal::traits<OtherDerived>::Scalar = double; typename Eigen::internal::traits<T>::Scalar = double][m[K’:
[5.732s] [01m[K/usr/include/eigen3/Eigen/src/Core/ProductEvaluators.h:380:62:[m[K   required from ‘[01m[Kstatic void Eigen::internal::generic_product_impl<Lhs, Rhs, Eigen::DenseShape, Eigen::DenseShape, 7>::scaleAndAddTo(Dest&, const Lhs&, const Rhs&, const Scalar&) [with Dest = Eigen::Block<Eigen::Matrix<double, 30, 30>, 1, 30, false>; Lhs = const Eigen::Block<const Eigen::Product<Eigen::Transpose<Eigen::Matrix<double, 12, 30> >, Eigen::Matrix<double, 30, 30>, 0>, 1, 30, false>; Rhs = Eigen::Matrix<double, 12, 30>; Eigen::internal::generic_product_impl<Lhs, Rhs, Eigen::DenseShape, Eigen::DenseShape, 7>::Scalar = double][m[K’
[5.732s] [01m[K/usr/include/eigen3/Eigen/src/Core/products/GeneralMatrixMatrix.h:486:24:[m[K   required from ‘[01m[Kstatic void Eigen::internal::generic_product_impl<Lhs, Rhs, Eigen::DenseShape, Eigen::DenseShape, 8>::scaleAndAddTo(Dest&, const Lhs&, const Rhs&, const Scalar&) [with Dest = Eigen::Matrix<double, 30, 30>; Lhs = Eigen::Product<Eigen::Transpose<Eigen::Matrix<double, 12, 30> >, Eigen::Matrix<double, 30, 30>, 0>; Rhs = Eigen::Matrix<double, 12, 30>; Eigen::internal::generic_product_impl<Lhs, Rhs, Eigen::DenseShape, Eigen::DenseShape, 8>::Scalar = double][m[K’
[5.732s] [01m[K/usr/include/eigen3/Eigen/src/Core/products/GeneralMatrixMatrix.h:455:20:[m[K   required from ‘[01m[Kstatic void Eigen::internal::generic_product_impl<Lhs, Rhs, Eigen::DenseShape, Eigen::DenseShape, 8>::addTo(Dst&, const Lhs&, const Rhs&) [with Dst = Eigen::Matrix<double, 30, 30>; Lhs = Eigen::Product<Eigen::Transpose<Eigen::Matrix<double, 12, 30> >, Eigen::Matrix<double, 30, 30>, 0>; Rhs = Eigen::Matrix<double, 12, 30>][m[K’
[5.732s] [01m[K/usr/include/eigen3/Eigen/src/Core/ProductEvaluators.h:163:42:[m[K   required from ‘[01m[Kstatic void Eigen::internal::Assignment<DstXprType, Eigen::Product<Lhs, Rhs, Options>, Eigen::internal::add_assign_op<Scalar, Scalar>, Eigen::internal::Dense2Dense, typename Eigen::internal::enable_if<((Options == Eigen::DefaultProduct) || (Options == Eigen::AliasFreeProduct))>::type>::run(DstXprType&, const SrcXprType&, const Eigen::internal::add_assign_op<Scalar, Scalar>&) [with DstXprType = Eigen::Matrix<double, 30, 30>; Lhs = Eigen::Product<Eigen::Transpose<Eigen::Matrix<double, 12, 30> >, Eigen::Matrix<double, 30, 30>, 0>; Rhs = Eigen::Matrix<double, 12, 30>; int Options = 0; Scalar = double; Eigen::internal::Assignment<DstXprType, Eigen::Product<Lhs, Rhs, Options>, Eigen::internal::add_assign_op<Scalar, Scalar>, Eigen::internal::Dense2Dense, typename Eigen::internal::enable_if<((Options == Eigen::DefaultProduct) || (Options == Eigen::AliasFreeProduct))>::type>::SrcXprType = Eigen::Product<Eigen::Product<Eigen::Transpose<Eigen::Matrix<double, 12, 30> >, Eigen::Matrix<double, 30, 30>, 0>, Eigen::Matrix<double, 12, 30>, 0>][m[K’
[5.732s] [01m[K/usr/include/eigen3/Eigen/src/Core/AssignEvaluator.h:890:49:[m[K   required from ‘[01m[Kvoid Eigen::internal::call_assignment_no_alias(Dst&, const Src&, const Func&) [with Dst = Eigen::Matrix<double, 30, 30>; Src = Eigen::Product<Eigen::Product<Eigen::Transpose<Eigen::Matrix<double, 12, 30> >, Eigen::Matrix<double, 30, 30>, 0>, Eigen::Matrix<double, 12, 30>, 0>; Func = Eigen::internal::add_assign_op<double, double>][m[K’
[5.732s] [01m[K/usr/include/eigen3/Eigen/src/Core/ProductEvaluators.h:224:29:[m[K   [ skipping 4 instantiation contexts, use -ftemplate-backtrace-limit=0 to disable ]
[5.732s] [01m[K/usr/include/eigen3/Eigen/src/Core/Matrix.h:332:31:[m[K   required from ‘[01m[KEigen::Matrix<_Scalar, _Rows, _Cols, _Options, _MaxRows, _MaxCols>::Matrix(const T&) [with T = Eigen::CwiseBinaryOp<Eigen::internal::scalar_sum_op<double, double>, const Eigen::CwiseBinaryOp<Eigen::internal::scalar_sum_op<double, double>, const Eigen::Product<Eigen::Product<Eigen::Transpose<Eigen::Matrix<double, 18, 30> >, Eigen::Matrix<double, 18, 18>, 0>, Eigen::Matrix<double, 18, 30>, 0>, const Eigen::Product<Eigen::Product<Eigen::Transpose<Eigen::Matrix<double, 12, 30> >, Eigen::Matrix<double, 12, 12>, 0>, Eigen::Matrix<double, 12, 30>, 0> >, const Eigen::Product<Eigen::Product<Eigen::Transpose<Eigen::Matrix<double, 12, 30> >, Eigen::Matrix<double, 30, 30>, 0>, Eigen::Matrix<double, 12, 30>, 0> >; _Scalar = double; int _Rows = 30; int _Cols = 30; int _Options = 0; int _MaxRows = 30; int _MaxCols = 30][m[K’
[5.732s] [01m[K/usr/include/eigen3/Eigen/src/Core/AssignEvaluator.h:850:41:[m[K   required from ‘[01m[Kvoid Eigen::internal::call_assignment(Dst&, const Src&, const Func&, typename Eigen::internal::enable_if<Eigen::internal::evaluator_assume_aliasing<Src>::value, void*>::type) [with Dst = Eigen::Matrix<double, 30, 30>; Src = Eigen::CwiseBinaryOp<Eigen::internal::scalar_sum_op<double, double>, const Eigen::CwiseBinaryOp<Eigen::internal::scalar_sum_op<double, double>, const Eigen::Product<Eigen::Product<Eigen::Transpose<Eigen::Matrix<double, 18, 30> >, Eigen::Matrix<double, 18, 18>, 0>, Eigen::Matrix<double, 18, 30>, 0>, const Eigen::Product<Eigen::Product<Eigen::Transpose<Eigen::Matrix<double, 12, 30> >, Eigen::Matrix<double, 12, 12>, 0>, Eigen::Matrix<double, 12, 30>, 0> >, const Eigen::Product<Eigen::Product<Eigen::Transpose<Eigen::Matrix<double, 12, 30> >, Eigen::Matrix<double, 30, 30>, 0>, Eigen::Matrix<double, 12, 30>, 0> >; Func = Eigen::internal::assign_op<double, double>; typename Eigen::internal::enable_if<Eigen::internal::evaluator_assume_aliasing<Src>::value, void*>::type = void*; typename Eigen::internal::evaluator_traits<SrcXprType>::Shape = Eigen::DenseShape][m[K’
[5.732s] [01m[K/usr/include/eigen3/Eigen/src/Core/AssignEvaluator.h:836:18:[m[K   required from ‘[01m[Kvoid Eigen::internal::call_assignment(Dst&, const Src&) [with Dst = Eigen::Matrix<double, 30, 30>; Src = Eigen::CwiseBinaryOp<Eigen::internal::scalar_sum_op<double, double>, const Eigen::CwiseBinaryOp<Eigen::internal::scalar_sum_op<double, double>, const Eigen::Product<Eigen::Product<Eigen::Transpose<Eigen::Matrix<double, 18, 30> >, Eigen::Matrix<double, 18, 18>, 0>, Eigen::Matrix<double, 18, 30>, 0>, const Eigen::Product<Eigen::Product<Eigen::Transpose<Eigen::Matrix<double, 12, 30> >, Eigen::Matrix<double, 12, 12>, 0>, Eigen::Matrix<double, 12, 30>, 0> >, const Eigen::Product<Eigen::Product<Eigen::Transpose<Eigen::Matrix<double, 12, 30> >, Eigen::Matrix<double, 30, 30>, 0>, Eigen::Matrix<double, 12, 30>, 0> >][m[K’
[5.732s] [01m[K/usr/include/eigen3/Eigen/src/Core/PlainObjectBase.h:779:32:[m[K   required from ‘[01m[KDerived& Eigen::PlainObjectBase<Derived>::_set(const Eigen::DenseBase<OtherDerived>&) [with OtherDerived = Eigen::CwiseBinaryOp<Eigen::internal::scalar_sum_op<double, double>, const Eigen::CwiseBinaryOp<Eigen::internal::scalar_sum_op<double, double>, const Eigen::Product<Eigen::Product<Eigen::Transpose<Eigen::Matrix<double, 18, 30> >, Eigen::Matrix<double, 18, 18>, 0>, Eigen::Matrix<double, 18, 30>, 0>, const Eigen::Product<Eigen::Product<Eigen::Transpose<Eigen::Matrix<double, 12, 30> >, Eigen::Matrix<double, 12, 12>, 0>, Eigen::Matrix<double, 12, 30>, 0> >, const Eigen::Product<Eigen::Product<Eigen::Transpose<Eigen::Matrix<double, 12, 30> >, Eigen::Matrix<double, 30, 30>, 0>, Eigen::Matrix<double, 12, 30>, 0> >; Derived = Eigen::Matrix<double, 30, 30>][m[K’
[5.732s] [01m[K/usr/include/eigen3/Eigen/src/Core/Matrix.h:225:24:[m[K   required from ‘[01m[KEigen::Matrix<_Scalar, _Rows, _Cols, _Options, _MaxRows, _MaxCols>& Eigen::Matrix<_Scalar, _Rows, _Cols, _Options, _MaxRows, _MaxCols>::operator=(const Eigen::DenseBase<OtherDerived>&) [with OtherDerived = Eigen::CwiseBinaryOp<Eigen::internal::scalar_sum_op<double, double>, const Eigen::CwiseBinaryOp<Eigen::internal::scalar_sum_op<double, double>, const Eigen::Product<Eigen::Product<Eigen::Transpose<Eigen::Matrix<double, 18, 30> >, Eigen::Matrix<double, 18, 18>, 0>, Eigen::Matrix<double, 18, 30>, 0>, const Eigen::Product<Eigen::Product<Eigen::Transpose<Eigen::Matrix<double, 12, 30> >, Eigen::Matrix<double, 12, 12>, 0>, Eigen::Matrix<double, 12, 30>, 0> >, const Eigen::Product<Eigen::Product<Eigen::Transpose<Eigen::Matrix<double, 12, 30> >, Eigen::Matrix<double, 30, 30>, 0>, Eigen::Matrix<double, 12, 30>, 0> >; _Scalar = double; int _Rows = 30; int _Cols = 30; int _Options = 0; int _MaxRows = 30; int _MaxCols = 30][m[K’
[5.732s] [01m[K/home/hong/Movement_Control/Go2Robot/src/WBC/WBC.cpp:203:23:[m[K   required from here
[5.732s] [01m[K/usr/include/eigen3/Eigen/src/Core/Dot.h:76:3:[m[K [01;31m[Kerror: [m[Kstatic assertion failed: YOU_MIXED_VECTORS_OF_DIFFERENT_SIZES
[5.732s] [01m[K/usr/include/eigen3/Eigen/src/Core/Dot.h:76:3:[m[K [01;36m[Knote: [m[K‘[01m[K(((((int)Eigen::Block<const Eigen::Block<const Eigen::Product<Eigen::Transpose<Eigen::Matrix<double, 12, 30> >, Eigen::Matrix<double, 30, 30>, 0>, 1, 30, false>, 1, 30, true>::SizeAtCompileTime) == ((int)Eigen::Dynamic)) || (((int)Eigen::Block<const Eigen::Matrix<double, 12, 30>, 12, 1, true>::SizeAtCompileTime) == ((int)Eigen::Dynamic))) || (((int)Eigen::Block<const Eigen::Block<const Eigen::Product<Eigen::Transpose<Eigen::Matrix<double, 12, 30> >, Eigen::Matrix<double, 30, 30>, 0>, 1, 30, false>, 1, 30, true>::SizeAtCompileTime) == ((int)Eigen::Block<const Eigen::Matrix<double, 12, 30>, 12, 1, true>::SizeAtCompileTime)))[m[K’ evaluates to false
[5.763s] /usr/include/eigen3/Eigen/src/Core/Dot.h: In instantiation of ‘[01m[Ktypename Eigen::ScalarBinaryOpTraits<typename Eigen::internal::traits<T>::Scalar, typename Eigen::internal::traits<OtherDerived>::Scalar>::ReturnType Eigen::MatrixBase<Derived>::dot(const Eigen::MatrixBase<OtherDerived>&) const [with OtherDerived = Eigen::Block<const Eigen::Matrix<double, 12, 1, 0, 12, 1>, 12, 1, true>; Derived = Eigen::Block<const Eigen::Product<Eigen::CwiseUnaryOp<Eigen::internal::scalar_opposite_op<double>, const Eigen::Transpose<Eigen::Matrix<double, 12, 30> > >, Eigen::Matrix<double, 30, 30>, 0>, 1, 30, false>; typename Eigen::ScalarBinaryOpTraits<typename Eigen::internal::traits<T>::Scalar, typename Eigen::internal::traits<OtherDerived>::Scalar>::ReturnType = double; typename Eigen::internal::traits<OtherDerived>::Scalar = double; typename Eigen::internal::traits<T>::Scalar = double][m[K’:
[5.763s] [01m[K/usr/include/eigen3/Eigen/src/Core/ProductEvaluators.h:380:62:[m[K   required from ‘[01m[Kstatic void Eigen::internal::generic_product_impl<Lhs, Rhs, Eigen::DenseShape, Eigen::DenseShape, 7>::scaleAndAddTo(Dest&, const Lhs&, const Rhs&, const Scalar&) [with Dest = Eigen::Matrix<double, 30, 1, 0, 30, 1>; Lhs = Eigen::Product<Eigen::CwiseUnaryOp<Eigen::internal::scalar_opposite_op<double>, const Eigen::Transpose<Eigen::Matrix<double, 12, 30> > >, Eigen::Matrix<double, 30, 30>, 0>; Rhs = Eigen::Matrix<double, 12, 1, 0, 12, 1>; Eigen::internal::generic_product_impl<Lhs, Rhs, Eigen::DenseShape, Eigen::DenseShape, 7>::Scalar = double][m[K’
[5.763s] [01m[K/usr/include/eigen3/Eigen/src/Core/ProductEvaluators.h:361:27:[m[K   required from ‘[01m[Kstatic void Eigen::internal::generic_product_impl_base<Lhs, Rhs, Derived>::scaleAndAddTo(Dst&, const Lhs&, const Rhs&, const Scalar&) [with Dst = Eigen::Matrix<double, 30, 1, 0, 30, 1>; Lhs = Eigen::Product<Eigen::CwiseUnaryOp<Eigen::internal::scalar_opposite_op<double>, const Eigen::Transpose<Eigen::Matrix<double, 12, 30> > >, Eigen::Matrix<double, 30, 30>, 0>; Rhs = Eigen::Matrix<double, 12, 1, 0, 12, 1>; Derived = Eigen::internal::generic_product_impl<Eigen::Product<Eigen::CwiseUnaryOp<Eigen::internal::scalar_opposite_op<double>, const Eigen::Transpose<Eigen::Matrix<double, 12, 30> > >, Eigen::Matrix<double, 30, 30>, 0>, Eigen::Matrix<double, 12, 1, 0, 12, 1>, Eigen::DenseShape, Eigen::DenseShape, 7>; Eigen::internal::generic_product_impl_base<Lhs, Rhs, Derived>::Scalar = double][m[K’
[5.764s] [01m[K/usr/include/eigen3/Eigen/src/Core/ProductEvaluators.h:353:18:[m[K   required from ‘[01m[Kstatic void Eigen::internal::generic_product_impl_base<Lhs, Rhs, Derived>::addTo(Dst&, const Lhs&, const Rhs&) [with Dst = Eigen::Matrix<double, 30, 1, 0, 30, 1>; Lhs = Eigen::Product<Eigen::CwiseUnaryOp<Eigen::internal::scalar_opposite_op<double>, const Eigen::Transpose<Eigen::Matrix<double, 12, 30> > >, Eigen::Matrix<double, 30, 30>, 0>; Rhs = Eigen::Matrix<double, 12, 1, 0, 12, 1>; Derived = Eigen::internal::generic_product_impl<Eigen::Product<Eigen::CwiseUnaryOp<Eigen::internal::scalar_opposite_op<double>, const Eigen::Transpose<Eigen::Matrix<double, 12, 30> > >, Eigen::Matrix<double, 30, 30>, 0>, Eigen::Matrix<double, 12, 1, 0, 12, 1>, Eigen::DenseShape, Eigen::DenseShape, 7>][m[K’
[5.764s] [01m[K/usr/include/eigen3/Eigen/src/Core/ProductEvaluators.h:163:42:[m[K   required from ‘[01m[Kstatic void Eigen::internal::Assignment<DstXprType, Eigen::Product<Lhs, Rhs, Options>, Eigen::internal::add_assign_op<Scalar, Scalar>, Eigen::internal::Dense2Dense, typename Eigen::internal::enable_if<((Options == Eigen::DefaultProduct) || (Options == Eigen::AliasFreeProduct))>::type>::run(DstXprType&, const SrcXprType&, const Eigen::internal::add_assign_op<Scalar, Scalar>&) [with DstXprType = Eigen::Matrix<double, 30, 1, 0, 30, 1>; Lhs = Eigen::Product<Eigen::CwiseUnaryOp<Eigen::internal::scalar_opposite_op<double>, const Eigen::Transpose<Eigen::Matrix<double, 12, 30> > >, Eigen::Matrix<double, 30, 30>, 0>; Rhs = Eigen::Matrix<double, 12, 1, 0, 12, 1>; int Options = 0; Scalar = double; Eigen::internal::Assignment<DstXprType, Eigen::Product<Lhs, Rhs, Options>, Eigen::internal::add_assign_op<Scalar, Scalar>, Eigen::internal::Dense2Dense, typename Eigen::internal::enable_if<((Options == Eigen::DefaultProduct) || (Options == Eigen::AliasFreeProduct))>::type>::SrcXprType = Eigen::Product<Eigen::Product<Eigen::CwiseUnaryOp<Eigen::internal::scalar_opposite_op<double>, const Eigen::Transpose<Eigen::Matrix<double, 12, 30> > >, Eigen::Matrix<double, 30, 30>, 0>, Eigen::Matrix<double, 12, 1, 0, 12, 1>, 0>][m[K’
[5.764s] [01m[K/usr/include/eigen3/Eigen/src/Core/AssignEvaluator.h:890:49:[m[K   required from ‘[01m[Kvoid Eigen::internal::call_assignment_no_alias(Dst&, const Src&, const Func&) [with Dst = Eigen::Matrix<double, 30, 1, 0, 30, 1>; Src = Eigen::Product<Eigen::Product<Eigen::CwiseUnaryOp<Eigen::internal::scalar_opposite_op<double>, const Eigen::Transpose<Eigen::Matrix<double, 12, 30> > >, Eigen::Matrix<double, 30, 30>, 0>, Eigen::Matrix<double, 12, 1, 0, 12, 1>, 0>; Func = Eigen::internal::add_assign_op<double, double>][m[K’
[5.764s] [01m[K/usr/include/eigen3/Eigen/src/Core/ProductEvaluators.h:224:29:[m[K   [ skipping 4 instantiation contexts, use -ftemplate-backtrace-limit=0 to disable ]
[5.764s] [01m[K/usr/include/eigen3/Eigen/src/Core/Matrix.h:332:31:[m[K   required from ‘[01m[KEigen::Matrix<_Scalar, _Rows, _Cols, _Options, _MaxRows, _MaxCols>::Matrix(const T&) [with T = Eigen::CwiseBinaryOp<Eigen::internal::scalar_sum_op<double, double>, const Eigen::CwiseBinaryOp<Eigen::internal::scalar_sum_op<double, double>, const Eigen::Product<Eigen::Product<Eigen::CwiseUnaryOp<Eigen::internal::scalar_opposite_op<double>, const Eigen::Transpose<Eigen::Matrix<double, 18, 30> > >, Eigen::Matrix<double, 18, 18>, 0>, Eigen::Matrix<double, 18, 1, 0, 18, 1>, 0>, const Eigen::Product<Eigen::Product<Eigen::CwiseUnaryOp<Eigen::internal::scalar_opposite_op<double>, const Eigen::Transpose<Eigen::Matrix<double, 12, 30> > >, Eigen::Matrix<double, 12, 12>, 0>, Eigen::Matrix<double, 12, 1, 0, 12, 1>, 0> >, const Eigen::Product<Eigen::Product<Eigen::CwiseUnaryOp<Eigen::internal::scalar_opposite_op<double>, const Eigen::Transpose<Eigen::Matrix<double, 12, 30> > >, Eigen::Matrix<double, 30, 30>, 0>, Eigen::Matrix<double, 12, 1, 0, 12, 1>, 0> >; _Scalar = double; int _Rows = 30; int _Cols = 1; int _Options = 0; int _MaxRows = 30; int _MaxCols = 1][m[K’
[5.764s] [01m[K/usr/include/eigen3/Eigen/src/Core/AssignEvaluator.h:850:41:[m[K   required from ‘[01m[Kvoid Eigen::internal::call_assignment(Dst&, const Src&, const Func&, typename Eigen::internal::enable_if<Eigen::internal::evaluator_assume_aliasing<Src>::value, void*>::type) [with Dst = Eigen::Matrix<double, 30, 1, 0, 30, 1>; Src = Eigen::CwiseBinaryOp<Eigen::internal::scalar_sum_op<double, double>, const Eigen::CwiseBinaryOp<Eigen::internal::scalar_sum_op<double, double>, const Eigen::Product<Eigen::Product<Eigen::CwiseUnaryOp<Eigen::internal::scalar_opposite_op<double>, const Eigen::Transpose<Eigen::Matrix<double, 18, 30> > >, Eigen::Matrix<double, 18, 18>, 0>, Eigen::Matrix<double, 18, 1, 0, 18, 1>, 0>, const Eigen::Product<Eigen::Product<Eigen::CwiseUnaryOp<Eigen::internal::scalar_opposite_op<double>, const Eigen::Transpose<Eigen::Matrix<double, 12, 30> > >, Eigen::Matrix<double, 12, 12>, 0>, Eigen::Matrix<double, 12, 1, 0, 12, 1>, 0> >, const Eigen::Product<Eigen::Product<Eigen::CwiseUnaryOp<Eigen::internal::scalar_opposite_op<double>, const Eigen::Transpose<Eigen::Matrix<double, 12, 30> > >, Eigen::Matrix<double, 30, 30>, 0>, Eigen::Matrix<double, 12, 1, 0, 12, 1>, 0> >; Func = Eigen::internal::assign_op<double, double>; typename Eigen::internal::enable_if<Eigen::internal::evaluator_assume_aliasing<Src>::value, void*>::type = void*; typename Eigen::internal::evaluator_traits<SrcXprType>::Shape = Eigen::DenseShape][m[K’
[5.764s] [01m[K/usr/include/eigen3/Eigen/src/Core/AssignEvaluator.h:836:18:[m[K   required from ‘[01m[Kvoid Eigen::internal::call_assignment(Dst&, const Src&) [with Dst = Eigen::Matrix<double, 30, 1, 0, 30, 1>; Src = Eigen::CwiseBinaryOp<Eigen::internal::scalar_sum_op<double, double>, const Eigen::CwiseBinaryOp<Eigen::internal::scalar_sum_op<double, double>, const Eigen::Product<Eigen::Product<Eigen::CwiseUnaryOp<Eigen::internal::scalar_opposite_op<double>, const Eigen::Transpose<Eigen::Matrix<double, 18, 30> > >, Eigen::Matrix<double, 18, 18>, 0>, Eigen::Matrix<double, 18, 1, 0, 18, 1>, 0>, const Eigen::Product<Eigen::Product<Eigen::CwiseUnaryOp<Eigen::internal::scalar_opposite_op<double>, const Eigen::Transpose<Eigen::Matrix<double, 12, 30> > >, Eigen::Matrix<double, 12, 12>, 0>, Eigen::Matrix<double, 12, 1, 0, 12, 1>, 0> >, const Eigen::Product<Eigen::Product<Eigen::CwiseUnaryOp<Eigen::internal::scalar_opposite_op<double>, const Eigen::Transpose<Eigen::Matrix<double, 12, 30> > >, Eigen::Matrix<double, 30, 30>, 0>, Eigen::Matrix<double, 12, 1, 0, 12, 1>, 0> >][m[K’
[5.764s] [01m[K/usr/include/eigen3/Eigen/src/Core/PlainObjectBase.h:779:32:[m[K   required from ‘[01m[KDerived& Eigen::PlainObjectBase<Derived>::_set(const Eigen::DenseBase<OtherDerived>&) [with OtherDerived = Eigen::CwiseBinaryOp<Eigen::internal::scalar_sum_op<double, double>, const Eigen::CwiseBinaryOp<Eigen::internal::scalar_sum_op<double, double>, const Eigen::Product<Eigen::Product<Eigen::CwiseUnaryOp<Eigen::internal::scalar_opposite_op<double>, const Eigen::Transpose<Eigen::Matrix<double, 18, 30> > >, Eigen::Matrix<double, 18, 18>, 0>, Eigen::Matrix<double, 18, 1, 0, 18, 1>, 0>, const Eigen::Product<Eigen::Product<Eigen::CwiseUnaryOp<Eigen::internal::scalar_opposite_op<double>, const Eigen::Transpose<Eigen::Matrix<double, 12, 30> > >, Eigen::Matrix<double, 12, 12>, 0>, Eigen::Matrix<double, 12, 1, 0, 12, 1>, 0> >, const Eigen::Product<Eigen::Product<Eigen::CwiseUnaryOp<Eigen::internal::scalar_opposite_op<double>, const Eigen::Transpose<Eigen::Matrix<double, 12, 30> > >, Eigen::Matrix<double, 30, 30>, 0>, Eigen::Matrix<double, 12, 1, 0, 12, 1>, 0> >; Derived = Eigen::Matrix<double, 30, 1, 0, 30, 1>][m[K’
[5.764s] [01m[K/usr/include/eigen3/Eigen/src/Core/Matrix.h:225:24:[m[K   required from ‘[01m[KEigen::Matrix<_Scalar, _Rows, _Cols, _Options, _MaxRows, _MaxCols>& Eigen::Matrix<_Scalar, _Rows, _Cols, _Options, _MaxRows, _MaxCols>::operator=(const Eigen::DenseBase<OtherDerived>&) [with OtherDerived = Eigen::CwiseBinaryOp<Eigen::internal::scalar_sum_op<double, double>, const Eigen::CwiseBinaryOp<Eigen::internal::scalar_sum_op<double, double>, const Eigen::Product<Eigen::Product<Eigen::CwiseUnaryOp<Eigen::internal::scalar_opposite_op<double>, const Eigen::Transpose<Eigen::Matrix<double, 18, 30> > >, Eigen::Matrix<double, 18, 18>, 0>, Eigen::Matrix<double, 18, 1, 0, 18, 1>, 0>, const Eigen::Product<Eigen::Product<Eigen::CwiseUnaryOp<Eigen::internal::scalar_opposite_op<double>, const Eigen::Transpose<Eigen::Matrix<double, 12, 30> > >, Eigen::Matrix<double, 12, 12>, 0>, Eigen::Matrix<double, 12, 1, 0, 12, 1>, 0> >, const Eigen::Product<Eigen::Product<Eigen::CwiseUnaryOp<Eigen::internal::scalar_opposite_op<double>, const Eigen::Transpose<Eigen::Matrix<double, 12, 30> > >, Eigen::Matrix<double, 30, 30>, 0>, Eigen::Matrix<double, 12, 1, 0, 12, 1>, 0> >; _Scalar = double; int _Rows = 30; int _Cols = 1; int _Options = 0; int _MaxRows = 30; int _MaxCols = 1][m[K’
[5.764s] [01m[K/home/hong/Movement_Control/Go2Robot/src/WBC/WBC.cpp:204:23:[m[K   required from here
[5.764s] [01m[K/usr/include/eigen3/Eigen/src/Core/Dot.h:76:3:[m[K [01;31m[Kerror: [m[Kstatic assertion failed: YOU_MIXED_VECTORS_OF_DIFFERENT_SIZES
[5.764s] [01m[K/usr/include/eigen3/Eigen/src/Core/Dot.h:76:3:[m[K [01;36m[Knote: [m[K‘[01m[K(((((int)Eigen::Block<const Eigen::Product<Eigen::CwiseUnaryOp<Eigen::internal::scalar_opposite_op<double>, const Eigen::Transpose<Eigen::Matrix<double, 12, 30> > >, Eigen::Matrix<double, 30, 30>, 0>, 1, 30, false>::SizeAtCompileTime) == ((int)Eigen::Dynamic)) || (((int)Eigen::Block<const Eigen::Matrix<double, 12, 1, 0, 12, 1>, 12, 1, true>::SizeAtCompileTime) == ((int)Eigen::Dynamic))) || (((int)Eigen::Block<const Eigen::Product<Eigen::CwiseUnaryOp<Eigen::internal::scalar_opposite_op<double>, const Eigen::Transpose<Eigen::Matrix<double, 12, 30> > >, Eigen::Matrix<double, 30, 30>, 0>, 1, 30, false>::SizeAtCompileTime) == ((int)Eigen::Block<const Eigen::Matrix<double, 12, 1, 0, 12, 1>, 12, 1, true>::SizeAtCompileTime)))[m[K’ evaluates to false
[6.975s] /usr/include/eigen3/Eigen/src/Core/GeneralProduct.h: In instantiation of ‘[01m[Kconst Eigen::Product<Derived, OtherDerived, 1> Eigen::MatrixBase<Derived>::lazyProduct(const Eigen::MatrixBase<OtherDerived>&) const [with OtherDerived = Eigen::Matrix<double, 30, 30>; Derived = Eigen::Transpose<const Eigen::Matrix<double, 12, 30> >][m[K’:
[6.975s] [01m[K/usr/include/eigen3/Eigen/src/Core/ProductEvaluators.h:462:68:[m[K   required from ‘[01m[Kstatic void Eigen::internal::generic_product_impl<Lhs, Rhs, Eigen::DenseShape, Eigen::DenseShape, 3>::eval_dynamic_impl(Dst&, const LhsT&, const RhsT&, const Func&, const Scalar&, Eigen::internal::false_type) [with Dst = Eigen::Matrix<double, 30, 30>; LhsT = Eigen::Transpose<const Eigen::Matrix<double, 12, 30> >; RhsT = Eigen::Matrix<double, 30, 30>; Func = Eigen::internal::assign_op<double, double>; Scalar = double; Lhs = Eigen::Transpose<Eigen::Matrix<double, 12, 30> >; Rhs = Eigen::Matrix<double, 30, 30>][m[K’
[6.976s] [01m[K/usr/include/eigen3/Eigen/src/Core/ProductEvaluators.h:446:22:[m[K   required from ‘[01m[Kstatic void Eigen::internal::generic_product_impl<Lhs, Rhs, Eigen::DenseShape, Eigen::DenseShape, 3>::eval_dynamic(Dst&, const Lhs&, const Rhs&, const Func&) [with Dst = Eigen::Matrix<double, 30, 30>; Func = Eigen::internal::assign_op<double, double>; Lhs = Eigen::Transpose<Eigen::Matrix<double, 12, 30> >; Rhs = Eigen::Matrix<double, 30, 30>][m[K’
[6.976s] [01m[K/usr/include/eigen3/Eigen/src/Core/products/GeneralMatrixMatrix.h:441:32:[m[K   required from ‘[01m[Kstatic void Eigen::internal::generic_product_impl<Lhs, Rhs, Eigen::DenseShape, Eigen::DenseShape, 8>::evalTo(Dst&, const Lhs&, const Rhs&) [with Dst = Eigen::Matrix<double, 30, 30>; Lhs = Eigen::Transpose<Eigen::Matrix<double, 12, 30> >; Rhs = Eigen::Matrix<double, 30, 30>][m[K’
[6.976s] [01m[K/usr/include/eigen3/Eigen/src/Core/ProductEvaluators.h:148:43:[m[K   required from ‘[01m[Kstatic void Eigen::internal::Assignment<DstXprType, Eigen::Product<Lhs, Rhs, Options>, Eigen::internal::assign_op<Scalar, Scalar>, Eigen::internal::Dense2Dense, typename Eigen::internal::enable_if<((Options == Eigen::DefaultProduct) || (Options == Eigen::AliasFreeProduct))>::type>::run(DstXprType&, const SrcXprType&, const Eigen::internal::assign_op<Scalar, Scalar>&) [with DstXprType = Eigen::Matrix<double, 30, 30>; Lhs = Eigen::Transpose<Eigen::Matrix<double, 12, 30> >; Rhs = Eigen::Matrix<double, 30, 30>; int Options = 0; Scalar = double; Eigen::internal::Assignment<DstXprType, Eigen::Product<Lhs, Rhs, Options>, Eigen::internal::assign_op<Scalar, Scalar>, Eigen::internal::Dense2Dense, typename Eigen::internal::enable_if<((Options == Eigen::DefaultProduct) || (Options == Eigen::AliasFreeProduct))>::type>::SrcXprType = Eigen::Product<Eigen::Transpose<Eigen::Matrix<double, 12, 30> >, Eigen::Matrix<double, 30, 30>, 0>][m[K’
[6.976s] [01m[K/usr/include/eigen3/Eigen/src/Core/AssignEvaluator.h:890:49:[m[K   required from ‘[01m[Kvoid Eigen::internal::call_assignment_no_alias(Dst&, const Src&, const Func&) [with Dst = Eigen::Matrix<double, 30, 30>; Src = Eigen::Product<Eigen::Transpose<Eigen::Matrix<double, 12, 30> >, Eigen::Matrix<double, 30, 30>, 0>; Func = Eigen::internal::assign_op<double, double>][m[K’
[6.976s] [01m[K/usr/include/eigen3/Eigen/src/Core/PlainObjectBase.h:797:41:[m[K   [ skipping 11 instantiation contexts, use -ftemplate-backtrace-limit=0 to disable ]
[6.976s] [01m[K/usr/include/eigen3/Eigen/src/Core/Matrix.h:332:31:[m[K   required from ‘[01m[KEigen::Matrix<_Scalar, _Rows, _Cols, _Options, _MaxRows, _MaxCols>::Matrix(const T&) [with T = Eigen::CwiseBinaryOp<Eigen::internal::scalar_sum_op<double, double>, const Eigen::CwiseBinaryOp<Eigen::internal::scalar_sum_op<double, double>, const Eigen::Product<Eigen::Product<Eigen::Transpose<Eigen::Matrix<double, 18, 30> >, Eigen::Matrix<double, 18, 18>, 0>, Eigen::Matrix<double, 18, 30>, 0>, const Eigen::Product<Eigen::Product<Eigen::Transpose<Eigen::Matrix<double, 12, 30> >, Eigen::Matrix<double, 12, 12>, 0>, Eigen::Matrix<double, 12, 30>, 0> >, const Eigen::Product<Eigen::Product<Eigen::Transpose<Eigen::Matrix<double, 12, 30> >, Eigen::Matrix<double, 30, 30>, 0>, Eigen::Matrix<double, 12, 30>, 0> >; _Scalar = double; int _Rows = 30; int _Cols = 30; int _Options = 0; int _MaxRows = 30; int _MaxCols = 30][m[K’
[6.976s] [01m[K/usr/include/eigen3/Eigen/src/Core/AssignEvaluator.h:850:41:[m[K   required from ‘[01m[Kvoid Eigen::internal::call_assignment(Dst&, const Src&, const Func&, typename Eigen::internal::enable_if<Eigen::internal::evaluator_assume_aliasing<Src>::value, void*>::type) [with Dst = Eigen::Matrix<double, 30, 30>; Src = Eigen::CwiseBinaryOp<Eigen::internal::scalar_sum_op<double, double>, const Eigen::CwiseBinaryOp<Eigen::internal::scalar_sum_op<double, double>, const Eigen::Product<Eigen::Product<Eigen::Transpose<Eigen::Matrix<double, 18, 30> >, Eigen::Matrix<double, 18, 18>, 0>, Eigen::Matrix<double, 18, 30>, 0>, const Eigen::Product<Eigen::Product<Eigen::Transpose<Eigen::Matrix<double, 12, 30> >, Eigen::Matrix<double, 12, 12>, 0>, Eigen::Matrix<double, 12, 30>, 0> >, const Eigen::Product<Eigen::Product<Eigen::Transpose<Eigen::Matrix<double, 12, 30> >, Eigen::Matrix<double, 30, 30>, 0>, Eigen::Matrix<double, 12, 30>, 0> >; Func = Eigen::internal::assign_op<double, double>; typename Eigen::internal::enable_if<Eigen::internal::evaluator_assume_aliasing<Src>::value, void*>::type = void*; typename Eigen::internal::evaluator_traits<SrcXprType>::Shape = Eigen::DenseShape][m[K’
[6.976s] [01m[K/usr/include/eigen3/Eigen/src/Core/AssignEvaluator.h:836:18:[m[K   required from ‘[01m[Kvoid Eigen::internal::call_assignment(Dst&, const Src&) [with Dst = Eigen::Matrix<double, 30, 30>; Src = Eigen::CwiseBinaryOp<Eigen::internal::scalar_sum_op<double, double>, const Eigen::CwiseBinaryOp<Eigen::internal::scalar_sum_op<double, double>, const Eigen::Product<Eigen::Product<Eigen::Transpose<Eigen::Matrix<double, 18, 30> >, Eigen::Matrix<double, 18, 18>, 0>, Eigen::Matrix<double, 18, 30>, 0>, const Eigen::Product<Eigen::Product<Eigen::Transpose<Eigen::Matrix<double, 12, 30> >, Eigen::Matrix<double, 12, 12>, 0>, Eigen::Matrix<double, 12, 30>, 0> >, const Eigen::Product<Eigen::Product<Eigen::Transpose<Eigen::Matrix<double, 12, 30> >, Eigen::Matrix<double, 30, 30>, 0>, Eigen::Matrix<double, 12, 30>, 0> >][m[K’
[6.976s] [01m[K/usr/include/eigen3/Eigen/src/Core/PlainObjectBase.h:779:32:[m[K   required from ‘[01m[KDerived& Eigen::PlainObjectBase<Derived>::_set(const Eigen::DenseBase<OtherDerived>&) [with OtherDerived = Eigen::CwiseBinaryOp<Eigen::internal::scalar_sum_op<double, double>, const Eigen::CwiseBinaryOp<Eigen::internal::scalar_sum_op<double, double>, const Eigen::Product<Eigen::Product<Eigen::Transpose<Eigen::Matrix<double, 18, 30> >, Eigen::Matrix<double, 18, 18>, 0>, Eigen::Matrix<double, 18, 30>, 0>, const Eigen::Product<Eigen::Product<Eigen::Transpose<Eigen::Matrix<double, 12, 30> >, Eigen::Matrix<double, 12, 12>, 0>, Eigen::Matrix<double, 12, 30>, 0> >, const Eigen::Product<Eigen::Product<Eigen::Transpose<Eigen::Matrix<double, 12, 30> >, Eigen::Matrix<double, 30, 30>, 0>, Eigen::Matrix<double, 12, 30>, 0> >; Derived = Eigen::Matrix<double, 30, 30>][m[K’
[6.976s] [01m[K/usr/include/eigen3/Eigen/src/Core/Matrix.h:225:24:[m[K   required from ‘[01m[KEigen::Matrix<_Scalar, _Rows, _Cols, _Options, _MaxRows, _MaxCols>& Eigen::Matrix<_Scalar, _Rows, _Cols, _Options, _MaxRows, _MaxCols>::operator=(const Eigen::DenseBase<OtherDerived>&) [with OtherDerived = Eigen::CwiseBinaryOp<Eigen::internal::scalar_sum_op<double, double>, const Eigen::CwiseBinaryOp<Eigen::internal::scalar_sum_op<double, double>, const Eigen::Product<Eigen::Product<Eigen::Transpose<Eigen::Matrix<double, 18, 30> >, Eigen::Matrix<double, 18, 18>, 0>, Eigen::Matrix<double, 18, 30>, 0>, const Eigen::Product<Eigen::Product<Eigen::Transpose<Eigen::Matrix<double, 12, 30> >, Eigen::Matrix<double, 12, 12>, 0>, Eigen::Matrix<double, 12, 30>, 0> >, const Eigen::Product<Eigen::Product<Eigen::Transpose<Eigen::Matrix<double, 12, 30> >, Eigen::Matrix<double, 30, 30>, 0>, Eigen::Matrix<double, 12, 30>, 0> >; _Scalar = double; int _Rows = 30; int _Cols = 30; int _Options = 0; int _MaxRows = 30; int _MaxCols = 30][m[K’
[6.976s] [01m[K/home/hong/Movement_Control/Go2Robot/src/WBC/WBC.cpp:203:23:[m[K   required from here
[6.976s] [01m[K/usr/include/eigen3/Eigen/src/Core/GeneralProduct.h:458:3:[m[K [01;31m[Kerror: [m[Kstatic assertion failed: INVALID_MATRIX_PRODUCT
[6.976s]   458 |   [01;31m[KEIGEN_STATIC_ASSERT[m[K(ProductIsValid || SameSizes, INVALID_MATRIX_PRODUCT)
[6.977s]       |   [01;31m[K^~~~~~~~~~~~~~~~~~~[m[K
[6.977s] [01m[K/usr/include/eigen3/Eigen/src/Core/GeneralProduct.h:458:3:[m[K [01;36m[Knote: [m[K‘[01m[K(false || false)[m[K’ evaluates to false
[6.980s] /usr/include/eigen3/Eigen/src/Core/Dot.h: In instantiation of ‘[01m[Ktypename Eigen::ScalarBinaryOpTraits<typename Eigen::internal::traits<T>::Scalar, typename Eigen::internal::traits<OtherDerived>::Scalar>::ReturnType Eigen::MatrixBase<Derived>::dot(const Eigen::MatrixBase<OtherDerived>&) const [with OtherDerived = Eigen::Block<const Eigen::Block<const Eigen::Matrix<double, 30, 30>, 30, 1, true>, 30, 1, true>; Derived = Eigen::Block<const Eigen::Transpose<Eigen::Matrix<double, 12, 30> >, 1, 12, true>; typename Eigen::ScalarBinaryOpTraits<typename Eigen::internal::traits<T>::Scalar, typename Eigen::internal::traits<OtherDerived>::Scalar>::ReturnType = double; typename Eigen::internal::traits<OtherDerived>::Scalar = double; typename Eigen::internal::traits<T>::Scalar = double][m[K’:
[6.980s] [01m[K/usr/include/eigen3/Eigen/src/Core/ProductEvaluators.h:380:62:[m[K   required from ‘[01m[Kstatic void Eigen::internal::generic_product_impl<Lhs, Rhs, Eigen::DenseShape, Eigen::DenseShape, 7>::scaleAndAddTo(Dest&, const Lhs&, const Rhs&, const Scalar&) [with Dest = Eigen::Block<Eigen::Matrix<double, 30, 30>, 30, 1, true>; Lhs = Eigen::Transpose<Eigen::Matrix<double, 12, 30> >; Rhs = const Eigen::Block<const Eigen::Matrix<double, 30, 30>, 30, 1, true>; Eigen::internal::generic_product_impl<Lhs, Rhs, Eigen::DenseShape, Eigen::DenseShape, 7>::Scalar = double][m[K’
[6.980s] [01m[K/usr/include/eigen3/Eigen/src/Core/products/GeneralMatrixMatrix.h:479:24:[m[K   required from ‘[01m[Kstatic void Eigen::internal::generic_product_impl<Lhs, Rhs, Eigen::DenseShape, Eigen::DenseShape, 8>::scaleAndAddTo(Dest&, const Lhs&, const Rhs&, const Scalar&) [with Dest = Eigen::Matrix<double, 30, 30>; Lhs = Eigen::Transpose<Eigen::Matrix<double, 12, 30> >; Rhs = Eigen::Matrix<double, 30, 30>; Eigen::internal::generic_product_impl<Lhs, Rhs, Eigen::DenseShape, Eigen::DenseShape, 8>::Scalar = double][m[K’
[6.980s] [01m[K/usr/include/eigen3/Eigen/src/Core/products/GeneralMatrixMatrix.h:445:20:[m[K   required from ‘[01m[Kstatic void Eigen::internal::generic_product_impl<Lhs, Rhs, Eigen::DenseShape, Eigen::DenseShape, 8>::evalTo(Dst&, const Lhs&, const Rhs&) [with Dst = Eigen::Matrix<double, 30, 30>; Lhs = Eigen::Transpose<Eigen::Matrix<double, 12, 30> >; Rhs = Eigen::Matrix<double, 30, 30>][m[K’
[6.980s] [01m[K/usr/include/eigen3/Eigen/src/Core/ProductEvaluators.h:148:43:[m[K   required from ‘[01m[Kstatic void Eigen::internal::Assignment<DstXprType, Eigen::Product<Lhs, Rhs, Options>, Eigen::internal::assign_op<Scalar, Scalar>, Eigen::internal::Dense2Dense, typename Eigen::internal::enable_if<((Options == Eigen::DefaultProduct) || (Options == Eigen::AliasFreeProduct))>::type>::run(DstXprType&, const SrcXprType&, const Eigen::internal::assign_op<Scalar, Scalar>&) [with DstXprType = Eigen::Matrix<double, 30, 30>; Lhs = Eigen::Transpose<Eigen::Matrix<double, 12, 30> >; Rhs = Eigen::Matrix<double, 30, 30>; int Options = 0; Scalar = double; Eigen::internal::Assignment<DstXprType, Eigen::Product<Lhs, Rhs, Options>, Eigen::internal::assign_op<Scalar, Scalar>, Eigen::internal::Dense2Dense, typename Eigen::internal::enable_if<((Options == Eigen::DefaultProduct) || (Options == Eigen::AliasFreeProduct))>::type>::SrcXprType = Eigen::Product<Eigen::Transpose<Eigen::Matrix<double, 12, 30> >, Eigen::Matrix<double, 30, 30>, 0>][m[K’
[6.980s] [01m[K/usr/include/eigen3/Eigen/src/Core/AssignEvaluator.h:890:49:[m[K   required from ‘[01m[Kvoid Eigen::internal::call_assignment_no_alias(Dst&, const Src&, const Func&) [with Dst = Eigen::Matrix<double, 30, 30>; Src = Eigen::Product<Eigen::Transpose<Eigen::Matrix<double, 12, 30> >, Eigen::Matrix<double, 30, 30>, 0>; Func = Eigen::internal::assign_op<double, double>][m[K’
[6.980s] [01m[K/usr/include/eigen3/Eigen/src/Core/PlainObjectBase.h:797:41:[m[K   [ skipping 11 instantiation contexts, use -ftemplate-backtrace-limit=0 to disable ]
[6.980s] [01m[K/usr/include/eigen3/Eigen/src/Core/Matrix.h:332:31:[m[K   required from ‘[01m[KEigen::Matrix<_Scalar, _Rows, _Cols, _Options, _MaxRows, _MaxCols>::Matrix(const T&) [with T = Eigen::CwiseBinaryOp<Eigen::internal::scalar_sum_op<double, double>, const Eigen::CwiseBinaryOp<Eigen::internal::scalar_sum_op<double, double>, const Eigen::Product<Eigen::Product<Eigen::Transpose<Eigen::Matrix<double, 18, 30> >, Eigen::Matrix<double, 18, 18>, 0>, Eigen::Matrix<double, 18, 30>, 0>, const Eigen::Product<Eigen::Product<Eigen::Transpose<Eigen::Matrix<double, 12, 30> >, Eigen::Matrix<double, 12, 12>, 0>, Eigen::Matrix<double, 12, 30>, 0> >, const Eigen::Product<Eigen::Product<Eigen::Transpose<Eigen::Matrix<double, 12, 30> >, Eigen::Matrix<double, 30, 30>, 0>, Eigen::Matrix<double, 12, 30>, 0> >; _Scalar = double; int _Rows = 30; int _Cols = 30; int _Options = 0; int _MaxRows = 30; int _MaxCols = 30][m[K’
[6.980s] [01m[K/usr/include/eigen3/Eigen/src/Core/AssignEvaluator.h:850:41:[m[K   required from ‘[01m[Kvoid Eigen::internal::call_assignment(Dst&, const Src&, const Func&, typename Eigen::internal::enable_if<Eigen::internal::evaluator_assume_aliasing<Src>::value, void*>::type) [with Dst = Eigen::Matrix<double, 30, 30>; Src = Eigen::CwiseBinaryOp<Eigen::internal::scalar_sum_op<double, double>, const Eigen::CwiseBinaryOp<Eigen::internal::scalar_sum_op<double, double>, const Eigen::Product<Eigen::Product<Eigen::Transpose<Eigen::Matrix<double, 18, 30> >, Eigen::Matrix<double, 18, 18>, 0>, Eigen::Matrix<double, 18, 30>, 0>, const Eigen::Product<Eigen::Product<Eigen::Transpose<Eigen::Matrix<double, 12, 30> >, Eigen::Matrix<double, 12, 12>, 0>, Eigen::Matrix<double, 12, 30>, 0> >, const Eigen::Product<Eigen::Product<Eigen::Transpose<Eigen::Matrix<double, 12, 30> >, Eigen::Matrix<double, 30, 30>, 0>, Eigen::Matrix<double, 12, 30>, 0> >; Func = Eigen::internal::assign_op<double, double>; typename Eigen::internal::enable_if<Eigen::internal::evaluator_assume_aliasing<Src>::value, void*>::type = void*; typename Eigen::internal::evaluator_traits<SrcXprType>::Shape = Eigen::DenseShape][m[K’
[6.980s] [01m[K/usr/include/eigen3/Eigen/src/Core/AssignEvaluator.h:836:18:[m[K   required from ‘[01m[Kvoid Eigen::internal::call_assignment(Dst&, const Src&) [with Dst = Eigen::Matrix<double, 30, 30>; Src = Eigen::CwiseBinaryOp<Eigen::internal::scalar_sum_op<double, double>, const Eigen::CwiseBinaryOp<Eigen::internal::scalar_sum_op<double, double>, const Eigen::Product<Eigen::Product<Eigen::Transpose<Eigen::Matrix<double, 18, 30> >, Eigen::Matrix<double, 18, 18>, 0>, Eigen::Matrix<double, 18, 30>, 0>, const Eigen::Product<Eigen::Product<Eigen::Transpose<Eigen::Matrix<double, 12, 30> >, Eigen::Matrix<double, 12, 12>, 0>, Eigen::Matrix<double, 12, 30>, 0> >, const Eigen::Product<Eigen::Product<Eigen::Transpose<Eigen::Matrix<double, 12, 30> >, Eigen::Matrix<double, 30, 30>, 0>, Eigen::Matrix<double, 12, 30>, 0> >][m[K’
[6.980s] [01m[K/usr/include/eigen3/Eigen/src/Core/PlainObjectBase.h:779:32:[m[K   required from ‘[01m[KDerived& Eigen::PlainObjectBase<Derived>::_set(const Eigen::DenseBase<OtherDerived>&) [with OtherDerived = Eigen::CwiseBinaryOp<Eigen::internal::scalar_sum_op<double, double>, const Eigen::CwiseBinaryOp<Eigen::internal::scalar_sum_op<double, double>, const Eigen::Product<Eigen::Product<Eigen::Transpose<Eigen::Matrix<double, 18, 30> >, Eigen::Matrix<double, 18, 18>, 0>, Eigen::Matrix<double, 18, 30>, 0>, const Eigen::Product<Eigen::Product<Eigen::Transpose<Eigen::Matrix<double, 12, 30> >, Eigen::Matrix<double, 12, 12>, 0>, Eigen::Matrix<double, 12, 30>, 0> >, const Eigen::Product<Eigen::Product<Eigen::Transpose<Eigen::Matrix<double, 12, 30> >, Eigen::Matrix<double, 30, 30>, 0>, Eigen::Matrix<double, 12, 30>, 0> >; Derived = Eigen::Matrix<double, 30, 30>][m[K’
[6.980s] [01m[K/usr/include/eigen3/Eigen/src/Core/Matrix.h:225:24:[m[K   required from ‘[01m[KEigen::Matrix<_Scalar, _Rows, _Cols, _Options, _MaxRows, _MaxCols>& Eigen::Matrix<_Scalar, _Rows, _Cols, _Options, _MaxRows, _MaxCols>::operator=(const Eigen::DenseBase<OtherDerived>&) [with OtherDerived = Eigen::CwiseBinaryOp<Eigen::internal::scalar_sum_op<double, double>, const Eigen::CwiseBinaryOp<Eigen::internal::scalar_sum_op<double, double>, const Eigen::Product<Eigen::Product<Eigen::Transpose<Eigen::Matrix<double, 18, 30> >, Eigen::Matrix<double, 18, 18>, 0>, Eigen::Matrix<double, 18, 30>, 0>, const Eigen::Product<Eigen::Product<Eigen::Transpose<Eigen::Matrix<double, 12, 30> >, Eigen::Matrix<double, 12, 12>, 0>, Eigen::Matrix<double, 12, 30>, 0> >, const Eigen::Product<Eigen::Product<Eigen::Transpose<Eigen::Matrix<double, 12, 30> >, Eigen::Matrix<double, 30, 30>, 0>, Eigen::Matrix<double, 12, 30>, 0> >; _Scalar = double; int _Rows = 30; int _Cols = 30; int _Options = 0; int _MaxRows = 30; int _MaxCols = 30][m[K’
[6.980s] [01m[K/home/hong/Movement_Control/Go2Robot/src/WBC/WBC.cpp:203:23:[m[K   required from here
[6.981s] [01m[K/usr/include/eigen3/Eigen/src/Core/Dot.h:76:3:[m[K [01;31m[Kerror: [m[Kstatic assertion failed: YOU_MIXED_VECTORS_OF_DIFFERENT_SIZES
[6.981s]    76 |   [01;31m[KEIGEN_STATIC_ASSERT_SAME_VECTOR_SIZE[m[K(Derived,OtherDerived)
[6.981s]       |   [01;31m[K^~~~~~~~~~~~~~~~~~~~~~~~~~~~~~~~~~~~[m[K
[6.981s] [01m[K/usr/include/eigen3/Eigen/src/Core/Dot.h:76:3:[m[K [01;36m[Knote: [m[K‘[01m[K(((((int)Eigen::Block<const Eigen::Transpose<Eigen::Matrix<double, 12, 30> >, 1, 12, true>::SizeAtCompileTime) == ((int)Eigen::Dynamic)) || (((int)Eigen::Block<const Eigen::Block<const Eigen::Matrix<double, 30, 30>, 30, 1, true>, 30, 1, true>::SizeAtCompileTime) == ((int)Eigen::Dynamic))) || (((int)Eigen::Block<const Eigen::Transpose<Eigen::Matrix<double, 12, 30> >, 1, 12, true>::SizeAtCompileTime) == ((int)Eigen::Block<const Eigen::Block<const Eigen::Matrix<double, 30, 30>, 30, 1, true>, 30, 1, true>::SizeAtCompileTime)))[m[K’ evaluates to false
[6.994s] /usr/include/eigen3/Eigen/src/Core/Dot.h: In instantiation of ‘[01m[Ktypename Eigen::ScalarBinaryOpTraits<typename Eigen::internal::traits<T>::Scalar, typename Eigen::internal::traits<OtherDerived>::Scalar>::ReturnType Eigen::MatrixBase<Derived>::dot(const Eigen::MatrixBase<OtherDerived>&) const [with OtherDerived = Eigen::Block<const Eigen::Matrix<double, 30, 30>, 30, 1, true>; Derived = Eigen::Block<const Eigen::Block<const Eigen::Transpose<Eigen::Matrix<double, 12, 30> >, 1, 12, true>, 1, 12, true>; typename Eigen::ScalarBinaryOpTraits<typename Eigen::internal::traits<T>::Scalar, typename Eigen::internal::traits<OtherDerived>::Scalar>::ReturnType = double; typename Eigen::internal::traits<OtherDerived>::Scalar = double; typename Eigen::internal::traits<T>::Scalar = double][m[K’:
[6.994s] [01m[K/usr/include/eigen3/Eigen/src/Core/ProductEvaluators.h:380:62:[m[K   required from ‘[01m[Kstatic void Eigen::internal::generic_product_impl<Lhs, Rhs, Eigen::DenseShape, Eigen::DenseShape, 7>::scaleAndAddTo(Dest&, const Lhs&, const Rhs&, const Scalar&) [with Dest = Eigen::Block<Eigen::Matrix<double, 30, 30>, 1, 30, false>; Lhs = const Eigen::Block<const Eigen::Transpose<Eigen::Matrix<double, 12, 30> >, 1, 12, true>; Rhs = Eigen::Matrix<double, 30, 30>; Eigen::internal::generic_product_impl<Lhs, Rhs, Eigen::DenseShape, Eigen::DenseShape, 7>::Scalar = double][m[K’
[6.994s] [01m[K/usr/include/eigen3/Eigen/src/Core/products/GeneralMatrixMatrix.h:486:24:[m[K   required from ‘[01m[Kstatic void Eigen::internal::generic_product_impl<Lhs, Rhs, Eigen::DenseShape, Eigen::DenseShape, 8>::scaleAndAddTo(Dest&, const Lhs&, const Rhs&, const Scalar&) [with Dest = Eigen::Matrix<double, 30, 30>; Lhs = Eigen::Transpose<Eigen::Matrix<double, 12, 30> >; Rhs = Eigen::Matrix<double, 30, 30>; Eigen::internal::generic_product_impl<Lhs, Rhs, Eigen::DenseShape, Eigen::DenseShape, 8>::Scalar = double][m[K’
[6.994s] [01m[K/usr/include/eigen3/Eigen/src/Core/products/GeneralMatrixMatrix.h:445:20:[m[K   required from ‘[01m[Kstatic void Eigen::internal::generic_product_impl<Lhs, Rhs, Eigen::DenseShape, Eigen::DenseShape, 8>::evalTo(Dst&, const Lhs&, const Rhs&) [with Dst = Eigen::Matrix<double, 30, 30>; Lhs = Eigen::Transpose<Eigen::Matrix<double, 12, 30> >; Rhs = Eigen::Matrix<double, 30, 30>][m[K’
[6.994s] [01m[K/usr/include/eigen3/Eigen/src/Core/ProductEvaluators.h:148:43:[m[K   required from ‘[01m[Kstatic void Eigen::internal::Assignment<DstXprType, Eigen::Product<Lhs, Rhs, Options>, Eigen::internal::assign_op<Scalar, Scalar>, Eigen::internal::Dense2Dense, typename Eigen::internal::enable_if<((Options == Eigen::DefaultProduct) || (Options == Eigen::AliasFreeProduct))>::type>::run(DstXprType&, const SrcXprType&, const Eigen::internal::assign_op<Scalar, Scalar>&) [with DstXprType = Eigen::Matrix<double, 30, 30>; Lhs = Eigen::Transpose<Eigen::Matrix<double, 12, 30> >; Rhs = Eigen::Matrix<double, 30, 30>; int Options = 0; Scalar = double; Eigen::internal::Assignment<DstXprType, Eigen::Product<Lhs, Rhs, Options>, Eigen::internal::assign_op<Scalar, Scalar>, Eigen::internal::Dense2Dense, typename Eigen::internal::enable_if<((Options == Eigen::DefaultProduct) || (Options == Eigen::AliasFreeProduct))>::type>::SrcXprType = Eigen::Product<Eigen::Transpose<Eigen::Matrix<double, 12, 30> >, Eigen::Matrix<double, 30, 30>, 0>][m[K’
[6.994s] [01m[K/usr/include/eigen3/Eigen/src/Core/AssignEvaluator.h:890:49:[m[K   required from ‘[01m[Kvoid Eigen::internal::call_assignment_no_alias(Dst&, const Src&, const Func&) [with Dst = Eigen::Matrix<double, 30, 30>; Src = Eigen::Product<Eigen::Transpose<Eigen::Matrix<double, 12, 30> >, Eigen::Matrix<double, 30, 30>, 0>; Func = Eigen::internal::assign_op<double, double>][m[K’
[6.994s] [01m[K/usr/include/eigen3/Eigen/src/Core/PlainObjectBase.h:797:41:[m[K   [ skipping 11 instantiation contexts, use -ftemplate-backtrace-limit=0 to disable ]
[6.994s] [01m[K/usr/include/eigen3/Eigen/src/Core/Matrix.h:332:31:[m[K   required from ‘[01m[KEigen::Matrix<_Scalar, _Rows, _Cols, _Options, _MaxRows, _MaxCols>::Matrix(const T&) [with T = Eigen::CwiseBinaryOp<Eigen::internal::scalar_sum_op<double, double>, const Eigen::CwiseBinaryOp<Eigen::internal::scalar_sum_op<double, double>, const Eigen::Product<Eigen::Product<Eigen::Transpose<Eigen::Matrix<double, 18, 30> >, Eigen::Matrix<double, 18, 18>, 0>, Eigen::Matrix<double, 18, 30>, 0>, const Eigen::Product<Eigen::Product<Eigen::Transpose<Eigen::Matrix<double, 12, 30> >, Eigen::Matrix<double, 12, 12>, 0>, Eigen::Matrix<double, 12, 30>, 0> >, const Eigen::Product<Eigen::Product<Eigen::Transpose<Eigen::Matrix<double, 12, 30> >, Eigen::Matrix<double, 30, 30>, 0>, Eigen::Matrix<double, 12, 30>, 0> >; _Scalar = double; int _Rows = 30; int _Cols = 30; int _Options = 0; int _MaxRows = 30; int _MaxCols = 30][m[K’
[6.994s] [01m[K/usr/include/eigen3/Eigen/src/Core/AssignEvaluator.h:850:41:[m[K   required from ‘[01m[Kvoid Eigen::internal::call_assignment(Dst&, const Src&, const Func&, typename Eigen::internal::enable_if<Eigen::internal::evaluator_assume_aliasing<Src>::value, void*>::type) [with Dst = Eigen::Matrix<double, 30, 30>; Src = Eigen::CwiseBinaryOp<Eigen::internal::scalar_sum_op<double, double>, const Eigen::CwiseBinaryOp<Eigen::internal::scalar_sum_op<double, double>, const Eigen::Product<Eigen::Product<Eigen::Transpose<Eigen::Matrix<double, 18, 30> >, Eigen::Matrix<double, 18, 18>, 0>, Eigen::Matrix<double, 18, 30>, 0>, const Eigen::Product<Eigen::Product<Eigen::Transpose<Eigen::Matrix<double, 12, 30> >, Eigen::Matrix<double, 12, 12>, 0>, Eigen::Matrix<double, 12, 30>, 0> >, const Eigen::Product<Eigen::Product<Eigen::Transpose<Eigen::Matrix<double, 12, 30> >, Eigen::Matrix<double, 30, 30>, 0>, Eigen::Matrix<double, 12, 30>, 0> >; Func = Eigen::internal::assign_op<double, double>; typename Eigen::internal::enable_if<Eigen::internal::evaluator_assume_aliasing<Src>::value, void*>::type = void*; typename Eigen::internal::evaluator_traits<SrcXprType>::Shape = Eigen::DenseShape][m[K’
[6.994s] [01m[K/usr/include/eigen3/Eigen/src/Core/AssignEvaluator.h:836:18:[m[K   required from ‘[01m[Kvoid Eigen::internal::call_assignment(Dst&, const Src&) [with Dst = Eigen::Matrix<double, 30, 30>; Src = Eigen::CwiseBinaryOp<Eigen::internal::scalar_sum_op<double, double>, const Eigen::CwiseBinaryOp<Eigen::internal::scalar_sum_op<double, double>, const Eigen::Product<Eigen::Product<Eigen::Transpose<Eigen::Matrix<double, 18, 30> >, Eigen::Matrix<double, 18, 18>, 0>, Eigen::Matrix<double, 18, 30>, 0>, const Eigen::Product<Eigen::Product<Eigen::Transpose<Eigen::Matrix<double, 12, 30> >, Eigen::Matrix<double, 12, 12>, 0>, Eigen::Matrix<double, 12, 30>, 0> >, const Eigen::Product<Eigen::Product<Eigen::Transpose<Eigen::Matrix<double, 12, 30> >, Eigen::Matrix<double, 30, 30>, 0>, Eigen::Matrix<double, 12, 30>, 0> >][m[K’
[6.994s] [01m[K/usr/include/eigen3/Eigen/src/Core/PlainObjectBase.h:779:32:[m[K   required from ‘[01m[KDerived& Eigen::PlainObjectBase<Derived>::_set(const Eigen::DenseBase<OtherDerived>&) [with OtherDerived = Eigen::CwiseBinaryOp<Eigen::internal::scalar_sum_op<double, double>, const Eigen::CwiseBinaryOp<Eigen::internal::scalar_sum_op<double, double>, const Eigen::Product<Eigen::Product<Eigen::Transpose<Eigen::Matrix<double, 18, 30> >, Eigen::Matrix<double, 18, 18>, 0>, Eigen::Matrix<double, 18, 30>, 0>, const Eigen::Product<Eigen::Product<Eigen::Transpose<Eigen::Matrix<double, 12, 30> >, Eigen::Matrix<double, 12, 12>, 0>, Eigen::Matrix<double, 12, 30>, 0> >, const Eigen::Product<Eigen::Product<Eigen::Transpose<Eigen::Matrix<double, 12, 30> >, Eigen::Matrix<double, 30, 30>, 0>, Eigen::Matrix<double, 12, 30>, 0> >; Derived = Eigen::Matrix<double, 30, 30>][m[K’
[6.995s] [01m[K/usr/include/eigen3/Eigen/src/Core/Matrix.h:225:24:[m[K   required from ‘[01m[KEigen::Matrix<_Scalar, _Rows, _Cols, _Options, _MaxRows, _MaxCols>& Eigen::Matrix<_Scalar, _Rows, _Cols, _Options, _MaxRows, _MaxCols>::operator=(const Eigen::DenseBase<OtherDerived>&) [with OtherDerived = Eigen::CwiseBinaryOp<Eigen::internal::scalar_sum_op<double, double>, const Eigen::CwiseBinaryOp<Eigen::internal::scalar_sum_op<double, double>, const Eigen::Product<Eigen::Product<Eigen::Transpose<Eigen::Matrix<double, 18, 30> >, Eigen::Matrix<double, 18, 18>, 0>, Eigen::Matrix<double, 18, 30>, 0>, const Eigen::Product<Eigen::Product<Eigen::Transpose<Eigen::Matrix<double, 12, 30> >, Eigen::Matrix<double, 12, 12>, 0>, Eigen::Matrix<double, 12, 30>, 0> >, const Eigen::Product<Eigen::Product<Eigen::Transpose<Eigen::Matrix<double, 12, 30> >, Eigen::Matrix<double, 30, 30>, 0>, Eigen::Matrix<double, 12, 30>, 0> >; _Scalar = double; int _Rows = 30; int _Cols = 30; int _Options = 0; int _MaxRows = 30; int _MaxCols = 30][m[K’
[6.995s] [01m[K/home/hong/Movement_Control/Go2Robot/src/WBC/WBC.cpp:203:23:[m[K   required from here
[6.995s] [01m[K/usr/include/eigen3/Eigen/src/Core/Dot.h:76:3:[m[K [01;31m[Kerror: [m[Kstatic assertion failed: YOU_MIXED_VECTORS_OF_DIFFERENT_SIZES
[6.995s] [01m[K/usr/include/eigen3/Eigen/src/Core/Dot.h:76:3:[m[K [01;36m[Knote: [m[K‘[01m[K(((((int)Eigen::Block<const Eigen::Block<const Eigen::Transpose<Eigen::Matrix<double, 12, 30> >, 1, 12, true>, 1, 12, true>::SizeAtCompileTime) == ((int)Eigen::Dynamic)) || (((int)Eigen::Block<const Eigen::Matrix<double, 30, 30>, 30, 1, true>::SizeAtCompileTime) == ((int)Eigen::Dynamic))) || (((int)Eigen::Block<const Eigen::Block<const Eigen::Transpose<Eigen::Matrix<double, 12, 30> >, 1, 12, true>, 1, 12, true>::SizeAtCompileTime) == ((int)Eigen::Block<const Eigen::Matrix<double, 30, 30>, 30, 1, true>::SizeAtCompileTime)))[m[K’ evaluates to false
[7.202s] /usr/include/eigen3/Eigen/src/Core/Dot.h: In instantiation of ‘[01m[Ktypename Eigen::ScalarBinaryOpTraits<typename Eigen::internal::traits<T>::Scalar, typename Eigen::internal::traits<OtherDerived>::Scalar>::ReturnType Eigen::MatrixBase<Derived>::dot(const Eigen::MatrixBase<OtherDerived>&) const [with OtherDerived = Eigen::Block<const Eigen::Block<const Eigen::Matrix<double, 30, 30>, 30, 1, true>, 30, 1, true>; Derived = Eigen::Block<const Eigen::CwiseUnaryOp<Eigen::internal::scalar_opposite_op<double>, const Eigen::Transpose<Eigen::Matrix<double, 12, 30> > >, 1, 12, true>; typename Eigen::ScalarBinaryOpTraits<typename Eigen::internal::traits<T>::Scalar, typename Eigen::internal::traits<OtherDerived>::Scalar>::ReturnType = double; typename Eigen::internal::traits<OtherDerived>::Scalar = double; typename Eigen::internal::traits<T>::Scalar = double][m[K’:
[7.203s] [01m[K/usr/include/eigen3/Eigen/src/Core/ProductEvaluators.h:380:62:[m[K   required from ‘[01m[Kstatic void Eigen::internal::generic_product_impl<Lhs, Rhs, Eigen::DenseShape, Eigen::DenseShape, 7>::scaleAndAddTo(Dest&, const Lhs&, const Rhs&, const Scalar&) [with Dest = Eigen::Block<Eigen::Matrix<double, 30, 30>, 30, 1, true>; Lhs = Eigen::CwiseUnaryOp<Eigen::internal::scalar_opposite_op<double>, const Eigen::Transpose<Eigen::Matrix<double, 12, 30> > >; Rhs = const Eigen::Block<const Eigen::Matrix<double, 30, 30>, 30, 1, true>; Eigen::internal::generic_product_impl<Lhs, Rhs, Eigen::DenseShape, Eigen::DenseShape, 7>::Scalar = double][m[K’
[7.203s] [01m[K/usr/include/eigen3/Eigen/src/Core/products/GeneralMatrixMatrix.h:479:24:[m[K   required from ‘[01m[Kstatic void Eigen::internal::generic_product_impl<Lhs, Rhs, Eigen::DenseShape, Eigen::DenseShape, 8>::scaleAndAddTo(Dest&, const Lhs&, const Rhs&, const Scalar&) [with Dest = Eigen::Matrix<double, 30, 30>; Lhs = Eigen::CwiseUnaryOp<Eigen::internal::scalar_opposite_op<double>, const Eigen::Transpose<Eigen::Matrix<double, 12, 30> > >; Rhs = Eigen::Matrix<double, 30, 30>; Eigen::internal::generic_product_impl<Lhs, Rhs, Eigen::DenseShape, Eigen::DenseShape, 8>::Scalar = double][m[K’
[7.203s] [01m[K/usr/include/eigen3/Eigen/src/Core/products/GeneralMatrixMatrix.h:445:20:[m[K   required from ‘[01m[Kstatic void Eigen::internal::generic_product_impl<Lhs, Rhs, Eigen::DenseShape, Eigen::DenseShape, 8>::evalTo(Dst&, const Lhs&, const Rhs&) [with Dst = Eigen::Matrix<double, 30, 30>; Lhs = Eigen::CwiseUnaryOp<Eigen::internal::scalar_opposite_op<double>, const Eigen::Transpose<Eigen::Matrix<double, 12, 30> > >; Rhs = Eigen::Matrix<double, 30, 30>][m[K’
[7.203s] [01m[K/usr/include/eigen3/Eigen/src/Core/ProductEvaluators.h:148:43:[m[K   required from ‘[01m[Kstatic void Eigen::internal::Assignment<DstXprType, Eigen::Product<Lhs, Rhs, Options>, Eigen::internal::assign_op<Scalar, Scalar>, Eigen::internal::Dense2Dense, typename Eigen::internal::enable_if<((Options == Eigen::DefaultProduct) || (Options == Eigen::AliasFreeProduct))>::type>::run(DstXprType&, const SrcXprType&, const Eigen::internal::assign_op<Scalar, Scalar>&) [with DstXprType = Eigen::Matrix<double, 30, 30>; Lhs = Eigen::CwiseUnaryOp<Eigen::internal::scalar_opposite_op<double>, const Eigen::Transpose<Eigen::Matrix<double, 12, 30> > >; Rhs = Eigen::Matrix<double, 30, 30>; int Options = 0; Scalar = double; Eigen::internal::Assignment<DstXprType, Eigen::Product<Lhs, Rhs, Options>, Eigen::internal::assign_op<Scalar, Scalar>, Eigen::internal::Dense2Dense, typename Eigen::internal::enable_if<((Options == Eigen::DefaultProduct) || (Options == Eigen::AliasFreeProduct))>::type>::SrcXprType = Eigen::Product<Eigen::CwiseUnaryOp<Eigen::internal::scalar_opposite_op<double>, const Eigen::Transpose<Eigen::Matrix<double, 12, 30> > >, Eigen::Matrix<double, 30, 30>, 0>][m[K’
[7.203s] [01m[K/usr/include/eigen3/Eigen/src/Core/AssignEvaluator.h:890:49:[m[K   required from ‘[01m[Kvoid Eigen::internal::call_assignment_no_alias(Dst&, const Src&, const Func&) [with Dst = Eigen::Matrix<double, 30, 30>; Src = Eigen::Product<Eigen::CwiseUnaryOp<Eigen::internal::scalar_opposite_op<double>, const Eigen::Transpose<Eigen::Matrix<double, 12, 30> > >, Eigen::Matrix<double, 30, 30>, 0>; Func = Eigen::internal::assign_op<double, double>][m[K’
[7.203s] [01m[K/usr/include/eigen3/Eigen/src/Core/PlainObjectBase.h:797:41:[m[K   [ skipping 12 instantiation contexts, use -ftemplate-backtrace-limit=0 to disable ]
[7.203s] [01m[K/usr/include/eigen3/Eigen/src/Core/Matrix.h:332:31:[m[K   required from ‘[01m[KEigen::Matrix<_Scalar, _Rows, _Cols, _Options, _MaxRows, _MaxCols>::Matrix(const T&) [with T = Eigen::CwiseBinaryOp<Eigen::internal::scalar_sum_op<double, double>, const Eigen::CwiseBinaryOp<Eigen::internal::scalar_sum_op<double, double>, const Eigen::Product<Eigen::Product<Eigen::CwiseUnaryOp<Eigen::internal::scalar_opposite_op<double>, const Eigen::Transpose<Eigen::Matrix<double, 18, 30> > >, Eigen::Matrix<double, 18, 18>, 0>, Eigen::Matrix<double, 18, 1, 0, 18, 1>, 0>, const Eigen::Product<Eigen::Product<Eigen::CwiseUnaryOp<Eigen::internal::scalar_opposite_op<double>, const Eigen::Transpose<Eigen::Matrix<double, 12, 30> > >, Eigen::Matrix<double, 12, 12>, 0>, Eigen::Matrix<double, 12, 1, 0, 12, 1>, 0> >, const Eigen::Product<Eigen::Product<Eigen::CwiseUnaryOp<Eigen::internal::scalar_opposite_op<double>, const Eigen::Transpose<Eigen::Matrix<double, 12, 30> > >, Eigen::Matrix<double, 30, 30>, 0>, Eigen::Matrix<double, 12, 1, 0, 12, 1>, 0> >; _Scalar = double; int _Rows = 30; int _Cols = 1; int _Options = 0; int _MaxRows = 30; int _MaxCols = 1][m[K’
[7.203s] [01m[K/usr/include/eigen3/Eigen/src/Core/AssignEvaluator.h:850:41:[m[K   required from ‘[01m[Kvoid Eigen::internal::call_assignment(Dst&, const Src&, const Func&, typename Eigen::internal::enable_if<Eigen::internal::evaluator_assume_aliasing<Src>::value, void*>::type) [with Dst = Eigen::Matrix<double, 30, 1, 0, 30, 1>; Src = Eigen::CwiseBinaryOp<Eigen::internal::scalar_sum_op<double, double>, const Eigen::CwiseBinaryOp<Eigen::internal::scalar_sum_op<double, double>, const Eigen::Product<Eigen::Product<Eigen::CwiseUnaryOp<Eigen::internal::scalar_opposite_op<double>, const Eigen::Transpose<Eigen::Matrix<double, 18, 30> > >, Eigen::Matrix<double, 18, 18>, 0>, Eigen::Matrix<double, 18, 1, 0, 18, 1>, 0>, const Eigen::Product<Eigen::Product<Eigen::CwiseUnaryOp<Eigen::internal::scalar_opposite_op<double>, const Eigen::Transpose<Eigen::Matrix<double, 12, 30> > >, Eigen::Matrix<double, 12, 12>, 0>, Eigen::Matrix<double, 12, 1, 0, 12, 1>, 0> >, const Eigen::Product<Eigen::Product<Eigen::CwiseUnaryOp<Eigen::internal::scalar_opposite_op<double>, const Eigen::Transpose<Eigen::Matrix<double, 12, 30> > >, Eigen::Matrix<double, 30, 30>, 0>, Eigen::Matrix<double, 12, 1, 0, 12, 1>, 0> >; Func = Eigen::internal::assign_op<double, double>; typename Eigen::internal::enable_if<Eigen::internal::evaluator_assume_aliasing<Src>::value, void*>::type = void*; typename Eigen::internal::evaluator_traits<SrcXprType>::Shape = Eigen::DenseShape][m[K’
[7.203s] [01m[K/usr/include/eigen3/Eigen/src/Core/AssignEvaluator.h:836:18:[m[K   required from ‘[01m[Kvoid Eigen::internal::call_assignment(Dst&, const Src&) [with Dst = Eigen::Matrix<double, 30, 1, 0, 30, 1>; Src = Eigen::CwiseBinaryOp<Eigen::internal::scalar_sum_op<double, double>, const Eigen::CwiseBinaryOp<Eigen::internal::scalar_sum_op<double, double>, const Eigen::Product<Eigen::Product<Eigen::CwiseUnaryOp<Eigen::internal::scalar_opposite_op<double>, const Eigen::Transpose<Eigen::Matrix<double, 18, 30> > >, Eigen::Matrix<double, 18, 18>, 0>, Eigen::Matrix<double, 18, 1, 0, 18, 1>, 0>, const Eigen::Product<Eigen::Product<Eigen::CwiseUnaryOp<Eigen::internal::scalar_opposite_op<double>, const Eigen::Transpose<Eigen::Matrix<double, 12, 30> > >, Eigen::Matrix<double, 12, 12>, 0>, Eigen::Matrix<double, 12, 1, 0, 12, 1>, 0> >, const Eigen::Product<Eigen::Product<Eigen::CwiseUnaryOp<Eigen::internal::scalar_opposite_op<double>, const Eigen::Transpose<Eigen::Matrix<double, 12, 30> > >, Eigen::Matrix<double, 30, 30>, 0>, Eigen::Matrix<double, 12, 1, 0, 12, 1>, 0> >][m[K’
[7.203s] [01m[K/usr/include/eigen3/Eigen/src/Core/PlainObjectBase.h:779:32:[m[K   required from ‘[01m[KDerived& Eigen::PlainObjectBase<Derived>::_set(const Eigen::DenseBase<OtherDerived>&) [with OtherDerived = Eigen::CwiseBinaryOp<Eigen::internal::scalar_sum_op<double, double>, const Eigen::CwiseBinaryOp<Eigen::internal::scalar_sum_op<double, double>, const Eigen::Product<Eigen::Product<Eigen::CwiseUnaryOp<Eigen::internal::scalar_opposite_op<double>, const Eigen::Transpose<Eigen::Matrix<double, 18, 30> > >, Eigen::Matrix<double, 18, 18>, 0>, Eigen::Matrix<double, 18, 1, 0, 18, 1>, 0>, const Eigen::Product<Eigen::Product<Eigen::CwiseUnaryOp<Eigen::internal::scalar_opposite_op<double>, const Eigen::Transpose<Eigen::Matrix<double, 12, 30> > >, Eigen::Matrix<double, 12, 12>, 0>, Eigen::Matrix<double, 12, 1, 0, 12, 1>, 0> >, const Eigen::Product<Eigen::Product<Eigen::CwiseUnaryOp<Eigen::internal::scalar_opposite_op<double>, const Eigen::Transpose<Eigen::Matrix<double, 12, 30> > >, Eigen::Matrix<double, 30, 30>, 0>, Eigen::Matrix<double, 12, 1, 0, 12, 1>, 0> >; Derived = Eigen::Matrix<double, 30, 1, 0, 30, 1>][m[K’
[7.203s] [01m[K/usr/include/eigen3/Eigen/src/Core/Matrix.h:225:24:[m[K   required from ‘[01m[KEigen::Matrix<_Scalar, _Rows, _Cols, _Options, _MaxRows, _MaxCols>& Eigen::Matrix<_Scalar, _Rows, _Cols, _Options, _MaxRows, _MaxCols>::operator=(const Eigen::DenseBase<OtherDerived>&) [with OtherDerived = Eigen::CwiseBinaryOp<Eigen::internal::scalar_sum_op<double, double>, const Eigen::CwiseBinaryOp<Eigen::internal::scalar_sum_op<double, double>, const Eigen::Product<Eigen::Product<Eigen::CwiseUnaryOp<Eigen::internal::scalar_opposite_op<double>, const Eigen::Transpose<Eigen::Matrix<double, 18, 30> > >, Eigen::Matrix<double, 18, 18>, 0>, Eigen::Matrix<double, 18, 1, 0, 18, 1>, 0>, const Eigen::Product<Eigen::Product<Eigen::CwiseUnaryOp<Eigen::internal::scalar_opposite_op<double>, const Eigen::Transpose<Eigen::Matrix<double, 12, 30> > >, Eigen::Matrix<double, 12, 12>, 0>, Eigen::Matrix<double, 12, 1, 0, 12, 1>, 0> >, const Eigen::Product<Eigen::Product<Eigen::CwiseUnaryOp<Eigen::internal::scalar_opposite_op<double>, const Eigen::Transpose<Eigen::Matrix<double, 12, 30> > >, Eigen::Matrix<double, 30, 30>, 0>, Eigen::Matrix<double, 12, 1, 0, 12, 1>, 0> >; _Scalar = double; int _Rows = 30; int _Cols = 1; int _Options = 0; int _MaxRows = 30; int _MaxCols = 1][m[K’
[7.203s] [01m[K/home/hong/Movement_Control/Go2Robot/src/WBC/WBC.cpp:204:23:[m[K   required from here
[7.203s] [01m[K/usr/include/eigen3/Eigen/src/Core/Dot.h:76:3:[m[K [01;31m[Kerror: [m[Kstatic assertion failed: YOU_MIXED_VECTORS_OF_DIFFERENT_SIZES
[7.203s] [01m[K/usr/include/eigen3/Eigen/src/Core/Dot.h:76:3:[m[K [01;36m[Knote: [m[K‘[01m[K(((((int)Eigen::Block<const Eigen::CwiseUnaryOp<Eigen::internal::scalar_opposite_op<double>, const Eigen::Transpose<Eigen::Matrix<double, 12, 30> > >, 1, 12, true>::SizeAtCompileTime) == ((int)Eigen::Dynamic)) || (((int)Eigen::Block<const Eigen::Block<const Eigen::Matrix<double, 30, 30>, 30, 1, true>, 30, 1, true>::SizeAtCompileTime) == ((int)Eigen::Dynamic))) || (((int)Eigen::Block<const Eigen::CwiseUnaryOp<Eigen::internal::scalar_opposite_op<double>, const Eigen::Transpose<Eigen::Matrix<double, 12, 30> > >, 1, 12, true>::SizeAtCompileTime) == ((int)Eigen::Block<const Eigen::Block<const Eigen::Matrix<double, 30, 30>, 30, 1, true>, 30, 1, true>::SizeAtCompileTime)))[m[K’ evaluates to false
[7.204s] /usr/include/eigen3/Eigen/src/Core/Dot.h: In instantiation of ‘[01m[Ktypename Eigen::ScalarBinaryOpTraits<typename Eigen::internal::traits<T>::Scalar, typename Eigen::internal::traits<OtherDerived>::Scalar>::ReturnType Eigen::MatrixBase<Derived>::dot(const Eigen::MatrixBase<OtherDerived>&) const [with OtherDerived = Eigen::Block<const Eigen::Matrix<double, 30, 30>, 30, 1, true>; Derived = Eigen::Block<const Eigen::Block<const Eigen::CwiseUnaryOp<Eigen::internal::scalar_opposite_op<double>, const Eigen::Transpose<Eigen::Matrix<double, 12, 30> > >, 1, 12, true>, 1, 12, true>; typename Eigen::ScalarBinaryOpTraits<typename Eigen::internal::traits<T>::Scalar, typename Eigen::internal::traits<OtherDerived>::Scalar>::ReturnType = double; typename Eigen::internal::traits<OtherDerived>::Scalar = double; typename Eigen::internal::traits<T>::Scalar = double][m[K’:
[7.204s] [01m[K/usr/include/eigen3/Eigen/src/Core/ProductEvaluators.h:380:62:[m[K   required from ‘[01m[Kstatic void Eigen::internal::generic_product_impl<Lhs, Rhs, Eigen::DenseShape, Eigen::DenseShape, 7>::scaleAndAddTo(Dest&, const Lhs&, const Rhs&, const Scalar&) [with Dest = Eigen::Block<Eigen::Matrix<double, 30, 30>, 1, 30, false>; Lhs = const Eigen::Block<const Eigen::CwiseUnaryOp<Eigen::internal::scalar_opposite_op<double>, const Eigen::Transpose<Eigen::Matrix<double, 12, 30> > >, 1, 12, true>; Rhs = Eigen::Matrix<double, 30, 30>; Eigen::internal::generic_product_impl<Lhs, Rhs, Eigen::DenseShape, Eigen::DenseShape, 7>::Scalar = double][m[K’
[7.204s] [01m[K/usr/include/eigen3/Eigen/src/Core/products/GeneralMatrixMatrix.h:486:24:[m[K   required from ‘[01m[Kstatic void Eigen::internal::generic_product_impl<Lhs, Rhs, Eigen::DenseShape, Eigen::DenseShape, 8>::scaleAndAddTo(Dest&, const Lhs&, const Rhs&, const Scalar&) [with Dest = Eigen::Matrix<double, 30, 30>; Lhs = Eigen::CwiseUnaryOp<Eigen::internal::scalar_opposite_op<double>, const Eigen::Transpose<Eigen::Matrix<double, 12, 30> > >; Rhs = Eigen::Matrix<double, 30, 30>; Eigen::internal::generic_product_impl<Lhs, Rhs, Eigen::DenseShape, Eigen::DenseShape, 8>::Scalar = double][m[K’
[7.204s] [01m[K/usr/include/eigen3/Eigen/src/Core/products/GeneralMatrixMatrix.h:445:20:[m[K   required from ‘[01m[Kstatic void Eigen::internal::generic_product_impl<Lhs, Rhs, Eigen::DenseShape, Eigen::DenseShape, 8>::evalTo(Dst&, const Lhs&, const Rhs&) [with Dst = Eigen::Matrix<double, 30, 30>; Lhs = Eigen::CwiseUnaryOp<Eigen::internal::scalar_opposite_op<double>, const Eigen::Transpose<Eigen::Matrix<double, 12, 30> > >; Rhs = Eigen::Matrix<double, 30, 30>][m[K’
[7.204s] [01m[K/usr/include/eigen3/Eigen/src/Core/ProductEvaluators.h:148:43:[m[K   required from ‘[01m[Kstatic void Eigen::internal::Assignment<DstXprType, Eigen::Product<Lhs, Rhs, Options>, Eigen::internal::assign_op<Scalar, Scalar>, Eigen::internal::Dense2Dense, typename Eigen::internal::enable_if<((Options == Eigen::DefaultProduct) || (Options == Eigen::AliasFreeProduct))>::type>::run(DstXprType&, const SrcXprType&, const Eigen::internal::assign_op<Scalar, Scalar>&) [with DstXprType = Eigen::Matrix<double, 30, 30>; Lhs = Eigen::CwiseUnaryOp<Eigen::internal::scalar_opposite_op<double>, const Eigen::Transpose<Eigen::Matrix<double, 12, 30> > >; Rhs = Eigen::Matrix<double, 30, 30>; int Options = 0; Scalar = double; Eigen::internal::Assignment<DstXprType, Eigen::Product<Lhs, Rhs, Options>, Eigen::internal::assign_op<Scalar, Scalar>, Eigen::internal::Dense2Dense, typename Eigen::internal::enable_if<((Options == Eigen::DefaultProduct) || (Options == Eigen::AliasFreeProduct))>::type>::SrcXprType = Eigen::Product<Eigen::CwiseUnaryOp<Eigen::internal::scalar_opposite_op<double>, const Eigen::Transpose<Eigen::Matrix<double, 12, 30> > >, Eigen::Matrix<double, 30, 30>, 0>][m[K’
[7.204s] [01m[K/usr/include/eigen3/Eigen/src/Core/AssignEvaluator.h:890:49:[m[K   required from ‘[01m[Kvoid Eigen::internal::call_assignment_no_alias(Dst&, const Src&, const Func&) [with Dst = Eigen::Matrix<double, 30, 30>; Src = Eigen::Product<Eigen::CwiseUnaryOp<Eigen::internal::scalar_opposite_op<double>, const Eigen::Transpose<Eigen::Matrix<double, 12, 30> > >, Eigen::Matrix<double, 30, 30>, 0>; Func = Eigen::internal::assign_op<double, double>][m[K’
[7.204s] [01m[K/usr/include/eigen3/Eigen/src/Core/PlainObjectBase.h:797:41:[m[K   [ skipping 12 instantiation contexts, use -ftemplate-backtrace-limit=0 to disable ]
[7.204s] [01m[K/usr/include/eigen3/Eigen/src/Core/Matrix.h:332:31:[m[K   required from ‘[01m[KEigen::Matrix<_Scalar, _Rows, _Cols, _Options, _MaxRows, _MaxCols>::Matrix(const T&) [with T = Eigen::CwiseBinaryOp<Eigen::internal::scalar_sum_op<double, double>, const Eigen::CwiseBinaryOp<Eigen::internal::scalar_sum_op<double, double>, const Eigen::Product<Eigen::Product<Eigen::CwiseUnaryOp<Eigen::internal::scalar_opposite_op<double>, const Eigen::Transpose<Eigen::Matrix<double, 18, 30> > >, Eigen::Matrix<double, 18, 18>, 0>, Eigen::Matrix<double, 18, 1, 0, 18, 1>, 0>, const Eigen::Product<Eigen::Product<Eigen::CwiseUnaryOp<Eigen::internal::scalar_opposite_op<double>, const Eigen::Transpose<Eigen::Matrix<double, 12, 30> > >, Eigen::Matrix<double, 12, 12>, 0>, Eigen::Matrix<double, 12, 1, 0, 12, 1>, 0> >, const Eigen::Product<Eigen::Product<Eigen::CwiseUnaryOp<Eigen::internal::scalar_opposite_op<double>, const Eigen::Transpose<Eigen::Matrix<double, 12, 30> > >, Eigen::Matrix<double, 30, 30>, 0>, Eigen::Matrix<double, 12, 1, 0, 12, 1>, 0> >; _Scalar = double; int _Rows = 30; int _Cols = 1; int _Options = 0; int _MaxRows = 30; int _MaxCols = 1][m[K’
[7.204s] [01m[K/usr/include/eigen3/Eigen/src/Core/AssignEvaluator.h:850:41:[m[K   required from ‘[01m[Kvoid Eigen::internal::call_assignment(Dst&, const Src&, const Func&, typename Eigen::internal::enable_if<Eigen::internal::evaluator_assume_aliasing<Src>::value, void*>::type) [with Dst = Eigen::Matrix<double, 30, 1, 0, 30, 1>; Src = Eigen::CwiseBinaryOp<Eigen::internal::scalar_sum_op<double, double>, const Eigen::CwiseBinaryOp<Eigen::internal::scalar_sum_op<double, double>, const Eigen::Product<Eigen::Product<Eigen::CwiseUnaryOp<Eigen::internal::scalar_opposite_op<double>, const Eigen::Transpose<Eigen::Matrix<double, 18, 30> > >, Eigen::Matrix<double, 18, 18>, 0>, Eigen::Matrix<double, 18, 1, 0, 18, 1>, 0>, const Eigen::Product<Eigen::Product<Eigen::CwiseUnaryOp<Eigen::internal::scalar_opposite_op<double>, const Eigen::Transpose<Eigen::Matrix<double, 12, 30> > >, Eigen::Matrix<double, 12, 12>, 0>, Eigen::Matrix<double, 12, 1, 0, 12, 1>, 0> >, const Eigen::Product<Eigen::Product<Eigen::CwiseUnaryOp<Eigen::internal::scalar_opposite_op<double>, const Eigen::Transpose<Eigen::Matrix<double, 12, 30> > >, Eigen::Matrix<double, 30, 30>, 0>, Eigen::Matrix<double, 12, 1, 0, 12, 1>, 0> >; Func = Eigen::internal::assign_op<double, double>; typename Eigen::internal::enable_if<Eigen::internal::evaluator_assume_aliasing<Src>::value, void*>::type = void*; typename Eigen::internal::evaluator_traits<SrcXprType>::Shape = Eigen::DenseShape][m[K’
[7.204s] [01m[K/usr/include/eigen3/Eigen/src/Core/AssignEvaluator.h:836:18:[m[K   required from ‘[01m[Kvoid Eigen::internal::call_assignment(Dst&, const Src&) [with Dst = Eigen::Matrix<double, 30, 1, 0, 30, 1>; Src = Eigen::CwiseBinaryOp<Eigen::internal::scalar_sum_op<double, double>, const Eigen::CwiseBinaryOp<Eigen::internal::scalar_sum_op<double, double>, const Eigen::Product<Eigen::Product<Eigen::CwiseUnaryOp<Eigen::internal::scalar_opposite_op<double>, const Eigen::Transpose<Eigen::Matrix<double, 18, 30> > >, Eigen::Matrix<double, 18, 18>, 0>, Eigen::Matrix<double, 18, 1, 0, 18, 1>, 0>, const Eigen::Product<Eigen::Product<Eigen::CwiseUnaryOp<Eigen::internal::scalar_opposite_op<double>, const Eigen::Transpose<Eigen::Matrix<double, 12, 30> > >, Eigen::Matrix<double, 12, 12>, 0>, Eigen::Matrix<double, 12, 1, 0, 12, 1>, 0> >, const Eigen::Product<Eigen::Product<Eigen::CwiseUnaryOp<Eigen::internal::scalar_opposite_op<double>, const Eigen::Transpose<Eigen::Matrix<double, 12, 30> > >, Eigen::Matrix<double, 30, 30>, 0>, Eigen::Matrix<double, 12, 1, 0, 12, 1>, 0> >][m[K’
[7.204s] [01m[K/usr/include/eigen3/Eigen/src/Core/PlainObjectBase.h:779:32:[m[K   required from ‘[01m[KDerived& Eigen::PlainObjectBase<Derived>::_set(const Eigen::DenseBase<OtherDerived>&) [with OtherDerived = Eigen::CwiseBinaryOp<Eigen::internal::scalar_sum_op<double, double>, const Eigen::CwiseBinaryOp<Eigen::internal::scalar_sum_op<double, double>, const Eigen::Product<Eigen::Product<Eigen::CwiseUnaryOp<Eigen::internal::scalar_opposite_op<double>, const Eigen::Transpose<Eigen::Matrix<double, 18, 30> > >, Eigen::Matrix<double, 18, 18>, 0>, Eigen::Matrix<double, 18, 1, 0, 18, 1>, 0>, const Eigen::Product<Eigen::Product<Eigen::CwiseUnaryOp<Eigen::internal::scalar_opposite_op<double>, const Eigen::Transpose<Eigen::Matrix<double, 12, 30> > >, Eigen::Matrix<double, 12, 12>, 0>, Eigen::Matrix<double, 12, 1, 0, 12, 1>, 0> >, const Eigen::Product<Eigen::Product<Eigen::CwiseUnaryOp<Eigen::internal::scalar_opposite_op<double>, const Eigen::Transpose<Eigen::Matrix<double, 12, 30> > >, Eigen::Matrix<double, 30, 30>, 0>, Eigen::Matrix<double, 12, 1, 0, 12, 1>, 0> >; Derived = Eigen::Matrix<double, 30, 1, 0, 30, 1>][m[K’
[7.204s] [01m[K/usr/include/eigen3/Eigen/src/Core/Matrix.h:225:24:[m[K   required from ‘[01m[KEigen::Matrix<_Scalar, _Rows, _Cols, _Options, _MaxRows, _MaxCols>& Eigen::Matrix<_Scalar, _Rows, _Cols, _Options, _MaxRows, _MaxCols>::operator=(const Eigen::DenseBase<OtherDerived>&) [with OtherDerived = Eigen::CwiseBinaryOp<Eigen::internal::scalar_sum_op<double, double>, const Eigen::CwiseBinaryOp<Eigen::internal::scalar_sum_op<double, double>, const Eigen::Product<Eigen::Product<Eigen::CwiseUnaryOp<Eigen::internal::scalar_opposite_op<double>, const Eigen::Transpose<Eigen::Matrix<double, 18, 30> > >, Eigen::Matrix<double, 18, 18>, 0>, Eigen::Matrix<double, 18, 1, 0, 18, 1>, 0>, const Eigen::Product<Eigen::Product<Eigen::CwiseUnaryOp<Eigen::internal::scalar_opposite_op<double>, const Eigen::Transpose<Eigen::Matrix<double, 12, 30> > >, Eigen::Matrix<double, 12, 12>, 0>, Eigen::Matrix<double, 12, 1, 0, 12, 1>, 0> >, const Eigen::Product<Eigen::Product<Eigen::CwiseUnaryOp<Eigen::internal::scalar_opposite_op<double>, const Eigen::Transpose<Eigen::Matrix<double, 12, 30> > >, Eigen::Matrix<double, 30, 30>, 0>, Eigen::Matrix<double, 12, 1, 0, 12, 1>, 0> >; _Scalar = double; int _Rows = 30; int _Cols = 1; int _Options = 0; int _MaxRows = 30; int _MaxCols = 1][m[K’
[7.204s] [01m[K/home/hong/Movement_Control/Go2Robot/src/WBC/WBC.cpp:204:23:[m[K   required from here
[7.204s] [01m[K/usr/include/eigen3/Eigen/src/Core/Dot.h:76:3:[m[K [01;31m[Kerror: [m[Kstatic assertion failed: YOU_MIXED_VECTORS_OF_DIFFERENT_SIZES
[7.204s] [01m[K/usr/include/eigen3/Eigen/src/Core/Dot.h:76:3:[m[K [01;36m[Knote: [m[K‘[01m[K(((((int)Eigen::Block<const Eigen::Block<const Eigen::CwiseUnaryOp<Eigen::internal::scalar_opposite_op<double>, const Eigen::Transpose<Eigen::Matrix<double, 12, 30> > >, 1, 12, true>, 1, 12, true>::SizeAtCompileTime) == ((int)Eigen::Dynamic)) || (((int)Eigen::Block<const Eigen::Matrix<double, 30, 30>, 30, 1, true>::SizeAtCompileTime) == ((int)Eigen::Dynamic))) || (((int)Eigen::Block<const Eigen::Block<const Eigen::CwiseUnaryOp<Eigen::internal::scalar_opposite_op<double>, const Eigen::Transpose<Eigen::Matrix<double, 12, 30> > >, 1, 12, true>, 1, 12, true>::SizeAtCompileTime) == ((int)Eigen::Block<const Eigen::Matrix<double, 30, 30>, 30, 1, true>::SizeAtCompileTime)))[m[K’ evaluates to false
[7.834s] /usr/include/eigen3/Eigen/src/Core/CwiseBinaryOp.h: In instantiation of ‘[01m[KEigen::CwiseBinaryOp<BinaryOp, Lhs, Rhs>::CwiseBinaryOp(const Lhs&, const Rhs&, const BinaryOp&) [with BinaryOp = Eigen::internal::scalar_product_op<double, double>; LhsType = const Eigen::Transpose<const Eigen::Block<const Eigen::Transpose<const Eigen::Matrix<double, 12, 30> >, 1, 12, true> >; RhsType = const Eigen::Block<const Eigen::Matrix<double, 30, 30>, 30, 1, true>; Eigen::CwiseBinaryOp<BinaryOp, Lhs, Rhs>::Lhs = Eigen::Transpose<const Eigen::Block<const Eigen::Transpose<const Eigen::Matrix<double, 12, 30> >, 1, 12, true> >; Eigen::CwiseBinaryOp<BinaryOp, Lhs, Rhs>::Rhs = Eigen::Block<const Eigen::Matrix<double, 30, 30>, 30, 1, true>][m[K’:
[7.835s] [01m[K/usr/include/eigen3/Eigen/src/plugins/MatrixCwiseBinaryOps.h:25:10:[m[K   required from ‘[01m[Kconst Eigen::CwiseBinaryOp<Eigen::internal::scalar_product_op<typename Eigen::internal::traits<T>::Scalar, typename Eigen::internal::traits<OtherDerived>::Scalar>, const Derived, const OtherDerived> Eigen::MatrixBase<Derived>::cwiseProduct(const Eigen::MatrixBase<OtherDerived>&) const [with OtherDerived = Eigen::Block<const Eigen::Matrix<double, 30, 30>, 30, 1, true>; Derived = Eigen::Transpose<const Eigen::Block<const Eigen::Transpose<const Eigen::Matrix<double, 12, 30> >, 1, 12, true> >; typename Eigen::internal::traits<OtherDerived>::Scalar = double; typename Eigen::internal::traits<T>::Scalar = double][m[K’
[7.835s] [01m[K/usr/include/eigen3/Eigen/src/Core/ProductEvaluators.h:606:52:[m[K   required from ‘[01m[Kconst CoeffReturnType Eigen::internal::product_evaluator<Eigen::Product<Lhs, Rhs, 1>, ProductTag, Eigen::DenseShape, Eigen::DenseShape>::coeff(Eigen::Index, Eigen::Index) const [with Lhs = Eigen::Transpose<const Eigen::Matrix<double, 12, 30> >; Rhs = Eigen::Matrix<double, 30, 30>; int ProductTag = 8; typename Eigen::internal::traits<typename Eigen::Product<Lhs, Rhs, 1>::Rhs>::Scalar = double; typename Eigen::Product<Lhs, Rhs, 1>::Rhs = Eigen::Matrix<double, 30, 30>; typename Eigen::internal::traits<typename Eigen::Product<Lhs, Rhs, 1>::Lhs>::Scalar = double; typename Eigen::Product<Lhs, Rhs, 1>::Lhs = Eigen::Transpose<const Eigen::Matrix<double, 12, 30> >; Eigen::internal::product_evaluator<Eigen::Product<Lhs, Rhs, 1>, ProductTag, Eigen::DenseShape, Eigen::DenseShape>::CoeffReturnType = double; Eigen::Index = long int][m[K’
[7.835s] [01m[K/usr/include/eigen3/Eigen/src/Core/AssignEvaluator.h:654:63:[m[K   required from ‘[01m[Kvoid Eigen::internal::generic_dense_assignment_kernel<DstEvaluatorTypeT, SrcEvaluatorTypeT, Functor, Version>::assignCoeff(Eigen::Index, Eigen::Index) [with DstEvaluatorTypeT = Eigen::internal::evaluator<Eigen::Matrix<double, 30, 30> >; SrcEvaluatorTypeT = Eigen::internal::evaluator<Eigen::Product<Eigen::Transpose<const Eigen::Matrix<double, 12, 30> >, Eigen::Matrix<double, 30, 30>, 1> >; Functor = Eigen::internal::assign_op<double, double>; int Version = 1; Eigen::Index = long int][m[K’
[7.835s] [01m[K/usr/include/eigen3/Eigen/src/Core/AssignEvaluator.h:668:16:[m[K   required from ‘[01m[Kvoid Eigen::internal::generic_dense_assignment_kernel<DstEvaluatorTypeT, SrcEvaluatorTypeT, Functor, Version>::assignCoeffByOuterInner(Eigen::Index, Eigen::Index) [with DstEvaluatorTypeT = Eigen::internal::evaluator<Eigen::Matrix<double, 30, 30> >; SrcEvaluatorTypeT = Eigen::internal::evaluator<Eigen::Product<Eigen::Transpose<const Eigen::Matrix<double, 12, 30> >, Eigen::Matrix<double, 30, 30>, 1> >; Functor = Eigen::internal::assign_op<double, double>; int Version = 1; Eigen::Index = long int][m[K’
[7.835s] [01m[K/usr/include/eigen3/Eigen/src/Core/AssignEvaluator.h:347:39:[m[K   required from ‘[01m[Kstatic void Eigen::internal::dense_assignment_loop<Kernel, 0, 0>::run(Kernel&) [with Kernel = Eigen::internal::restricted_packet_dense_assignment_kernel<Eigen::internal::evaluator<Eigen::Matrix<double, 30, 30> >, Eigen::internal::evaluator<Eigen::Product<Eigen::Transpose<const Eigen::Matrix<double, 12, 30> >, Eigen::Matrix<double, 30, 30>, 1> >, Eigen::internal::assign_op<double, double> >][m[K’
[7.835s] [01m[K/usr/include/eigen3/Eigen/src/Core/AssignEvaluator.h:910:39:[m[K   [ skipping 17 instantiation contexts, use -ftemplate-backtrace-limit=0 to disable ]
[7.835s] [01m[K/usr/include/eigen3/Eigen/src/Core/Matrix.h:332:31:[m[K   required from ‘[01m[KEigen::Matrix<_Scalar, _Rows, _Cols, _Options, _MaxRows, _MaxCols>::Matrix(const T&) [with T = Eigen::CwiseBinaryOp<Eigen::internal::scalar_sum_op<double, double>, const Eigen::CwiseBinaryOp<Eigen::internal::scalar_sum_op<double, double>, const Eigen::Product<Eigen::Product<Eigen::Transpose<Eigen::Matrix<double, 18, 30> >, Eigen::Matrix<double, 18, 18>, 0>, Eigen::Matrix<double, 18, 30>, 0>, const Eigen::Product<Eigen::Product<Eigen::Transpose<Eigen::Matrix<double, 12, 30> >, Eigen::Matrix<double, 12, 12>, 0>, Eigen::Matrix<double, 12, 30>, 0> >, const Eigen::Product<Eigen::Product<Eigen::Transpose<Eigen::Matrix<double, 12, 30> >, Eigen::Matrix<double, 30, 30>, 0>, Eigen::Matrix<double, 12, 30>, 0> >; _Scalar = double; int _Rows = 30; int _Cols = 30; int _Options = 0; int _MaxRows = 30; int _MaxCols = 30][m[K’
[7.835s] [01m[K/usr/include/eigen3/Eigen/src/Core/AssignEvaluator.h:850:41:[m[K   required from ‘[01m[Kvoid Eigen::internal::call_assignment(Dst&, const Src&, const Func&, typename Eigen::internal::enable_if<Eigen::internal::evaluator_assume_aliasing<Src>::value, void*>::type) [with Dst = Eigen::Matrix<double, 30, 30>; Src = Eigen::CwiseBinaryOp<Eigen::internal::scalar_sum_op<double, double>, const Eigen::CwiseBinaryOp<Eigen::internal::scalar_sum_op<double, double>, const Eigen::Product<Eigen::Product<Eigen::Transpose<Eigen::Matrix<double, 18, 30> >, Eigen::Matrix<double, 18, 18>, 0>, Eigen::Matrix<double, 18, 30>, 0>, const Eigen::Product<Eigen::Product<Eigen::Transpose<Eigen::Matrix<double, 12, 30> >, Eigen::Matrix<double, 12, 12>, 0>, Eigen::Matrix<double, 12, 30>, 0> >, const Eigen::Product<Eigen::Product<Eigen::Transpose<Eigen::Matrix<double, 12, 30> >, Eigen::Matrix<double, 30, 30>, 0>, Eigen::Matrix<double, 12, 30>, 0> >; Func = Eigen::internal::assign_op<double, double>; typename Eigen::internal::enable_if<Eigen::internal::evaluator_assume_aliasing<Src>::value, void*>::type = void*; typename Eigen::internal::evaluator_traits<SrcXprType>::Shape = Eigen::DenseShape][m[K’
[7.835s] [01m[K/usr/include/eigen3/Eigen/src/Core/AssignEvaluator.h:836:18:[m[K   required from ‘[01m[Kvoid Eigen::internal::call_assignment(Dst&, const Src&) [with Dst = Eigen::Matrix<double, 30, 30>; Src = Eigen::CwiseBinaryOp<Eigen::internal::scalar_sum_op<double, double>, const Eigen::CwiseBinaryOp<Eigen::internal::scalar_sum_op<double, double>, const Eigen::Product<Eigen::Product<Eigen::Transpose<Eigen::Matrix<double, 18, 30> >, Eigen::Matrix<double, 18, 18>, 0>, Eigen::Matrix<double, 18, 30>, 0>, const Eigen::Product<Eigen::Product<Eigen::Transpose<Eigen::Matrix<double, 12, 30> >, Eigen::Matrix<double, 12, 12>, 0>, Eigen::Matrix<double, 12, 30>, 0> >, const Eigen::Product<Eigen::Product<Eigen::Transpose<Eigen::Matrix<double, 12, 30> >, Eigen::Matrix<double, 30, 30>, 0>, Eigen::Matrix<double, 12, 30>, 0> >][m[K’
[7.835s] [01m[K/usr/include/eigen3/Eigen/src/Core/PlainObjectBase.h:779:32:[m[K   required from ‘[01m[KDerived& Eigen::PlainObjectBase<Derived>::_set(const Eigen::DenseBase<OtherDerived>&) [with OtherDerived = Eigen::CwiseBinaryOp<Eigen::internal::scalar_sum_op<double, double>, const Eigen::CwiseBinaryOp<Eigen::internal::scalar_sum_op<double, double>, const Eigen::Product<Eigen::Product<Eigen::Transpose<Eigen::Matrix<double, 18, 30> >, Eigen::Matrix<double, 18, 18>, 0>, Eigen::Matrix<double, 18, 30>, 0>, const Eigen::Product<Eigen::Product<Eigen::Transpose<Eigen::Matrix<double, 12, 30> >, Eigen::Matrix<double, 12, 12>, 0>, Eigen::Matrix<double, 12, 30>, 0> >, const Eigen::Product<Eigen::Product<Eigen::Transpose<Eigen::Matrix<double, 12, 30> >, Eigen::Matrix<double, 30, 30>, 0>, Eigen::Matrix<double, 12, 30>, 0> >; Derived = Eigen::Matrix<double, 30, 30>][m[K’
[7.835s] [01m[K/usr/include/eigen3/Eigen/src/Core/Matrix.h:225:24:[m[K   required from ‘[01m[KEigen::Matrix<_Scalar, _Rows, _Cols, _Options, _MaxRows, _MaxCols>& Eigen::Matrix<_Scalar, _Rows, _Cols, _Options, _MaxRows, _MaxCols>::operator=(const Eigen::DenseBase<OtherDerived>&) [with OtherDerived = Eigen::CwiseBinaryOp<Eigen::internal::scalar_sum_op<double, double>, const Eigen::CwiseBinaryOp<Eigen::internal::scalar_sum_op<double, double>, const Eigen::Product<Eigen::Product<Eigen::Transpose<Eigen::Matrix<double, 18, 30> >, Eigen::Matrix<double, 18, 18>, 0>, Eigen::Matrix<double, 18, 30>, 0>, const Eigen::Product<Eigen::Product<Eigen::Transpose<Eigen::Matrix<double, 12, 30> >, Eigen::Matrix<double, 12, 12>, 0>, Eigen::Matrix<double, 12, 30>, 0> >, const Eigen::Product<Eigen::Product<Eigen::Transpose<Eigen::Matrix<double, 12, 30> >, Eigen::Matrix<double, 30, 30>, 0>, Eigen::Matrix<double, 12, 30>, 0> >; _Scalar = double; int _Rows = 30; int _Cols = 30; int _Options = 0; int _MaxRows = 30; int _MaxCols = 30][m[K’
[7.835s] [01m[K/home/hong/Movement_Control/Go2Robot/src/WBC/WBC.cpp:203:23:[m[K   required from here
[7.835s] [01m[K/usr/include/eigen3/Eigen/src/Core/CwiseBinaryOp.h:115:7:[m[K [01;31m[Kerror: [m[Kstatic assertion failed: YOU_MIXED_MATRICES_OF_DIFFERENT_SIZES
[7.835s]   115 |       [01;31m[KEIGEN_STATIC_ASSERT_SAME_MATRIX_SIZE[m[K(Lhs, Rhs)
[7.835s]       |       [01;31m[K^~~~~~~~~~~~~~~~~~~~~~~~~~~~~~~~~~~~[m[K
[7.835s] [01m[K/usr/include/eigen3/Eigen/src/Core/CwiseBinaryOp.h:115:7:[m[K [01;36m[Knote: [m[K‘[01m[K(((((int)Eigen::internal::size_of_xpr_at_compile_time<Eigen::Transpose<const Eigen::Block<const Eigen::Transpose<const Eigen::Matrix<double, 12, 30> >, 1, 12, true> > >::ret) == 0) && (((int)Eigen::internal::size_of_xpr_at_compile_time<Eigen::Block<const Eigen::Matrix<double, 30, 30>, 30, 1, true> >::ret) == 0)) || ((((((int)Eigen::Transpose<const Eigen::Block<const Eigen::Transpose<const Eigen::Matrix<double, 12, 30> >, 1, 12, true> >::RowsAtCompileTime) == ((int)Eigen::Dynamic)) || (((int)Eigen::Block<const Eigen::Matrix<double, 30, 30>, 30, 1, true>::RowsAtCompileTime) == ((int)Eigen::Dynamic))) || (((int)Eigen::Transpose<const Eigen::Block<const Eigen::Transpose<const Eigen::Matrix<double, 12, 30> >, 1, 12, true> >::RowsAtCompileTime) == ((int)Eigen::Block<const Eigen::Matrix<double, 30, 30>, 30, 1, true>::RowsAtCompileTime))) && (((((int)Eigen::Transpose<const Eigen::Block<const Eigen::Transpose<const Eigen::Matrix<double, 12, 30> >, 1, 12, true> >::ColsAtCompileTime) == ((int)Eigen::Dynamic)) || (((int)Eigen::Block<const Eigen::Matrix<double, 30, 30>, 30, 1, true>::ColsAtCompileTime) == ((int)Eigen::Dynamic))) || (((int)Eigen::Transpose<const Eigen::Block<const Eigen::Transpose<const Eigen::Matrix<double, 12, 30> >, 1, 12, true> >::ColsAtCompileTime) == ((int)Eigen::Block<const Eigen::Matrix<double, 30, 30>, 30, 1, true>::ColsAtCompileTime)))))[m[K’ evaluates to false
[8.244s] gmake[2]: *** [CMakeFiles/go2_core.dir/build.make:118：CMakeFiles/go2_core.dir/src/WBC/WBC.cpp.o] 错误 1
[8.244s] gmake[1]: *** [CMakeFiles/Makefile2:265：CMakeFiles/go2_core.dir/all] 错误 2
[8.244s] gmake: *** [Makefile:146：all] 错误 2
[8.246s] Invoked command in '/home/hong/Movement_Control/Go2Robot/build/go2_robot' returned '2': CMAKE_PREFIX_PATH=${CMAKE_PREFIX_PATH}:/opt/ros/humble /usr/bin/cmake --build /home/hong/Movement_Control/Go2Robot/build/go2_robot -- -j24 -l24
